id,valence,danceable,prediction
3ZAMtgYJFoHwJjFkhkXqKr,1.251415955215833,1,1
03IjhYX3PKr6DWsGo2rD82,1.001339934154484,1,1
7yJzk64ul9PFgVFUYbEzZL,0.5093871058370758,1,1
09ZDPL4NSDNxfIic9gPnCn,0.14862169840430936,1,1
0bIHWAGW7gahdRc4JP2Eup,0.3126059745101123,1,1
5gDIkLyGquh4aXW7gfvCjr,0.12402405698843916,1,1
03UrZgTINDqvnUMbbIMhql,1.2924120242422836,1,1
1EHUQesfVKwbthtNcpBi9g,0.13632287769637438,1,1
74PdooqFwI8VhklmayQ7dz,0.4150961470762391,1,1
0yQgvvEyDS5xICpMsj6O2k,-0.23264174354168193,1,0
2k7EwI4qVUIcMyYbGyyeeX,0.9193477961015826,1,1
31H8QT4djW6aHoLOaKHddk,0.7676623407037149,1,1
1pNUmVxDiE8t6P1XxcZAv8,1.5096911900824725,1,1
543jStmHR1VrSfpxmjUIn6,1.0669336445968047,1,1
5CLGzJsGqhCEECcpnFQA8x,0.4765902506159152,1,1
7yNgSAuwbDJcdRNrBDtKPq,-0.06455786053323419,1,1
0X1g7iETRYW2ON1mv74mFK,-1.0238658757521804,1,0
6mvjHs3ARC10teeMFZ4kh5,-0.33513191610780874,1,0
4i7iReo02WxqA62XybWaPK,-1.130455655220952,1,0
4CtO2AMo76k5yAeD44EUPY,0.6118772784032022,1,1
34lfu3S4fIcKZRNXzbdbo7,-0.12195235717026498,1,1
3B4etxytImrRKQgV3XHjnR,1.247316348313188,1,1
5gneV1qwaIndUU4aZ3uhXP,-0.5934071509744481,1,0
3GFza0Ug9UPSMR2UKEPgIo,-1.0033678412389548,0,0
4iEOVEULZRvmzYSZY2ViKN,1.5096911900824725,1,1
1Xy2tuw1Z2RvFiJEI538DT,-0.44582130247922547,1,0
2NOphQpnm9lopW82hdYt1U,-0.3966260196474846,1,0
5ppUThWn9v9lZyqLRrfb4D,-0.17114764000200586,1,0
1TQXIltqoZ5XXyfCbAeSQQ,-0.18344646070994106,1,0
3sh6MqniNq9Wk2Cwqjc1oI,-0.30643466778929324,1,0
1DsKoAFVN9VMdQxRky35bH,0.06662956035140814,1,1
1SOClUWhOi8vHZYMz3GluK,0.24701226406779112,1,1
0eu4C55hL6x29mmeAjytzC,0.5544827817661712,1,1
5iq0Tela3gm73ZW72XZ5dm,-0.8721804203543128,0,0
6XPmY4hIb1RGRyNuq0UBsl,-0.28183702637342284,1,0
58w68w4s8h9gw3xrDaXyuj,-0.3433311299130989,1,0
7HgBbYGbRbPIB3ICy6zOgG,-0.7819890684961213,1,0
1ax8ZuwRVkSdzzsIqyCNWQ,1.837659742294078,1,1
2bQhVQbV7VBzSOPo8mbkUR,0.40689693327094895,0,1
4iJyoBOLtHqaGxP12qzhQI,0.12402405698843916,1,1
4AoQVhME8Ko6LNm4lV2wwQ,1.2678143828264132,1,1
4SdoXp42bZe2w5ZFynw8oo,-0.06045825363058911,1,1
0VT5Wi1AVHQQAvwaJrQAsu,-1.056662730973341,0,0
3qpq58IwLwMtsZ667ch7BP,-1.1755513311500478,0,0
7ezWFPZxTDiQMl7NlAXdkR,0.521685926545011,1,1
2mak6mzwgFTl7PQIt2msQA,1.005439541057129,1,1
1hapjpP0xlw5zfw4QqanqD,-0.5237138336294819,1,0
5Sk39LuvdwuvL84jD01Dum,0.9562442582253883,1,1
5KX2DSPC6aCA0pdDidTmBC,-0.8106863168146368,0,0
0rxEPf4Y6uBmV3hkrV340a,2.091835370258072,1,1
3gy6OvtsXCgMpOKEbNDpd0,0.3085063676074672,1,1
3dNEnD700nYq0TY0w6AJjs,0.25931108477572634,1,1
2vyyvsyMcJkcvxMKch8Q1e,0.9275470099068728,1,1
4y5mqhrI0tdYI4M3EFluxP,0.5872796369873317,1,1
3H7ihDc1dqLriiWXwsc2po,0.943945437517453,1,1
7BoobGhD4x5K96Me0hqC8Q,1.7720660318517567,1,1
3NFvv5bC6HWtxUftIBm8Qd,0.8209572304381009,1,1
72afDNRJsldkG7R02rRdA1,-0.831184351327862,1,0
4x9JFIsht1WWEv7go9vJcF,-0.827084744425217,0,0
18YHbIhrleUkKKj2DvEp79,1.0669336445968047,0,1
0ecC8p17cDNlxHXkuYqeR6,-1.4625238143352026,0,0
1sqD6T5Mj3Yi9lqAwJpWT5,-0.9992682343363098,0,0
1kLeO0H9TdEewIZdr7Zi2i,-1.630197736653386,0,0
4qRcjFkFqSpLBzcbLDt7HL,1.2883124173396387,1,1
60Dyn7lG4K52k0vqB9pBQG,-1.1468540828315323,1,0
0VF7YLIxSQKyNiFL3X6MmN,-0.2736378125681327,1,0
4C8yVZNQ6DWv2IA9dm4yeY,-0.8516823858410874,1,0
0m3DrWZvSJBKBdcJsTmjfy,0.5421839610582359,1,1
5iJfzXKvQXlYOBtEQhEmpA,2.054938908134267,1,1
0WtDGnWL2KrMCk0mI1Gpwz,0.6733713819428783,1,1
7eQHxigpuDJjCG50JyzU8v,-0.056358646727944044,1,1
0HxoynruEEEo4DF0axOFNj,-1.3149379658399802,0,0
2u0CelO5c81XS7z3dGpHbS,-1.3477348210611408,0,0
2ia7iiEtpiOL2ZVuWxBZGB,1.476894334861312,1,1
58HvfVOeJY7lUuCqF0m3ly,-1.4096388852910813,0,0
3xomz3L4iuXzPpQBc6XswW,-1.373972305238069,1,0
2lUubBotxJ5aatMNkDPoCh,1.2924120242422836,1,1
6ABHr8kYCws5z6gC9Lwith,-0.8967780617701832,0,0
6K4t31amVTZDgR3sKmwUJJ,1.4399978727375065,1,1
1ZtjszSbYrbTQPKKNnVsCj,0.8168576235354558,1,1
0BeN6CA7RuwNdJa64NV1l0,-1.5568147730960393,0,0
2rWeNybwVZTWEbkb9JOjcz,-0.8721804203543128,1,0
4uGY9CqDtGtaTTLg1cgsWD,0.6651721681375881,1,1
30I7kdtPa1Nmun5I5bns7Q,0.1609205191122446,1,1
4KVMDzvhLJfrjmvouATJCH,-0.7368933925670255,0,0
0vS6NZFZeDkTysBqSXay9W,0.39049850566036864,1,1
02FuO3zDHGFAz0yP7HHGvy,-0.24494056424961716,1,0
2IZeu3PWa2cCWiopcRj9om,1.2760135966317034,1,1
7nc7mlSdWYeFom84zZ8Wr8,0.1609205191122446,1,1
3NgpXBablBVveddA52rkvH,-0.5565106888506425,1,0
78pXBnTDbPf1Hy59tT798b,1.2924120242422836,0,1
2R4zzmPXIFuBH0BqdWDkfC,1.2022206723840922,1,1
1YIhmgvi4tTDD1VAiWQsIP,1.2678143828264132,1,1
0w99FORD4t2mkpT6imhnqq,0.8988497615883572,1,1
4HR4waG9UGpv8via6RHI27,-0.9254753100886987,1,0
6L4F4btXioJPhEwz6T7YYt,0.11172523628050393,1,1
7ACxUo21jtTHzy7ZEV56vU,0.3577016504392081,0,1
137mSruegm1u6x9NvwiagR,-0.26133899186019743,0,0
64LPuxHb07MU9Pqmkd4knj,-0.12195235717026498,1,1
6s8nHXTJVqFjXE4yVZPDHR,2.1779271152136186,1,1
4l18CeqkSBQCZGLok5ERqz,-1.3985699466539396,1,0
2EPOgSRhA90xWGVtNZwEv8,-1.1017584069024364,0,0
4AsCJmJXmBS4Mwy2lVxuVz,-1.351834427963786,1,0
7aGyRfJWtLqgJaZoG9lJhE,1.1530253895523512,1,1
03eJ2DclFWXYU8GWgANdmZ,1.2801132035343485,1,1
2JzZzZUQj3Qff7wapcbKjc,-0.6180047923903186,1,0
6FmnMoph4yx7zjhuBcrHDv,-0.1629484261967157,1,0
0X2bh8NVQ8svDQIn2AdCbW,0.001035849909086975,1,1
2fBImyKfTG6MTIZwqGhnpo,-0.15064960548878048,1,0
7dEfa89dZfo6CQPdsgGCF6,0.32900440212069254,0,1
1CWlthc9rA4NwNeLu6dgP5,-1.633477422175502,1,0
6L65bozBqrHkZkXKqXzHcD,1.2678143828264132,1,1
465O1ooNHzjeqdQERCXrPT,0.13632287769637438,1,1
5j3QqRGflS4o5jbsFSwKW1,1.1653242102602865,1,1
4R2DDseYW2tsmMhvdQQ2Po,-0.527813440532127,0,0
1LHhEn432gLhN8tHz19uoE,0.46839103681062505,1,1
259cipqzxTmLPvXh5NjoWO,1.1038301067206104,1,1
3lG6OtGDsYAOALxEmubQQm,-1.1386548690262421,0,0
1QdVwO5xqAI88pNn2qfNjU,2.091835370258072,1,1
1Q4zvy7sa4UpxRsTJzijaq,-1.5018800406005952,1,0
2cY8x0jQ1wWEipUCouclsD,1.2555155621184781,0,1
6K6OCvFQ4i7KKfGJsOAqY1,-0.16704803309936078,0,0
0KG7XrgM20KEmJrKsyFDAm,0.21421540884663054,1,1
5ACZOGjT6I5He0pDZED56Z,0.12812366389108423,1,1
0CdgB6CDmrDnWhhcGpfdrp,-0.19574528141787628,1,0
4Gd9PUEuOTOJtbgd4YxLXM,0.36180125734185314,0,1
0nKOMJ9RV3bWmUriszD3nb,-1.0074674481416,1,0
0zLCBJZSiELJf02ucPP9wb,1.7597672111438216,1,1
1RdykyqZss4snJH9e58CQJ,0.24701226406779112,1,1
2blM0SIqgptXPpCan2lGXh,-0.8598815996463774,1,0
0vBlrSOT8xxEBgKay0Otr4,0.06662956035140814,1,1
7AjpB9fTXVGdmzZQWxwCCH,0.36180125734185314,1,1
4dB19Z9oN77xBzxp0ORpug,0.9193477961015826,0,1
46QbY78ha62aiu6gBgC7lS,1.0341367893756446,1,1
2oaKoKA8bvgWfBi9M8wEVJ,0.6282757060137825,1,1
3eDo0sBUGqFUnnScLAUy0f,-0.2736378125681327,1,0
3GZ2y6xONJAMMDst36vXr3,0.7061682371640388,1,1
5v6qYImm5k36GHlFxdEZyv,-0.892678454867538,1,0
0tXzxt3aJcfKu9L5i7tgfK,0.5011878920317856,1,1
1HOMkjp0nHMaTnfAkslCQj,1.899153845833754,1,1
0fy2aoSnwr1qGmTbc7yG2T,1.2391171345078977,1,1
1HYnjKqSSHh1tdl2Hi57zH,-0.7778894615934762,0,0
5fXzyFs4FEGy9SAHrarvNW,-1.5547649696447168,0,0
6txjv1bYloEaQ65SainV1Y,-1.6154391518038638,0,0
3yiEaNgKJWN3gCfHfB8Q1u,0.013334670617022194,1,1
6fvIzrJ6boUDFF19fH4S2s,2.009843232205171,0,1
53zw51qaLzcX7kOTlUqAqG,-0.5647099026559326,1,0
1QELw50Dl95LusF6uOkDqk,-0.37612798513425927,0,0
6o8pM5reLgjd5i8gDY3Irt,-0.7737898546908311,1,0
2wenGTypSYHXl1sN1pNC7X,-0.2531397780549073,1,0
0Xlthct8SOi0gAdnn2GbRT,-0.8188855306199267,1,0
79h5Z7NvxRVTdNkP1eoc2v,0.34950243663391795,1,1
5v20VA1m4f82DLwXOHTTqK,-1.465393539167054,1,0
5NSr0xa9Qf4J8xKzDnC0uq,-0.6303036130982536,0,0
50x1Ic8CaXkYNvjmxe3WXy,-0.8516823858410874,1,0
4TusNqseE9NMKMbKjfrJQk,-1.2739418968135294,1,0
47l2Dd3XPBLio3kjbEMyDJ,0.21421540884663054,1,1
4UvBsX3CYwe9JMfDAI0zhz,-0.33513191610780874,0,0
2IZeu3PWa2cCWiopcRj9om,1.2760135966317034,1,1
4iQnJ1nbzIqRirVI1Q2ig8,-0.4991161922136114,0,0
6IEYxC5J51Igo0XUTx16mA,-0.6180047923903186,1,0
7uIbzEfNNeJVEolHCCXJbJ,1.5465876522062783,1,1
54PUd1iY2N2a5DPb7qnrzj,1.3498065208793149,1,1
2XvtKqNuL8vCkekyzmb8OJ,0.9849415065439038,1,1
2QdVcmVPIxW826rRJDf58l,-0.3187334884972285,1,0
6GWchpKWsKkwR6jcl0yG6V,-1.0894595861945011,1,0
2duyHVCqcaX2FSwjzuZijF,-0.6467020407088339,1,0
2BWWsCwuHAZFE1scLyP6Qe,1.3334080932687344,1,1
2YpeDb67231RjR0MgVLzsG,0.8414552649513262,1,1
42NgRCC7M5rfVNKXMaFitZ,-0.7491922132749607,1,0
2wrJq5XKLnmhRXHIAf9xBa,-0.015362577701493315,1,1
4h3KlpOEXS6FxIpab6EKlf,-0.5073154060189016,1,0
0K4gxQ2u3545b0GAu85ObO,-1.6072399379985736,1,0
0mHGftgYtmpH4y17T3VZ2E,-0.4007256265501297,1,0
1zi7xx7UVEFkmKfv06H8x0,-0.26133899186019743,1,0
3DamFFqW32WihKkTVlwTYQ,0.1568209122095995,1,1
6h6runZeeczWEuEW2pFvYW,-1.2780415037161745,0,0
6UyqJJUwOrtop3YB8eruGR,0.33310400902333764,1,1
6Skh3CBum0pZw9TOr7FQnX,0.30030715380217704,0,1
5OA0Crr2O5sf4vaj7WpNup,1.6736754661882751,1,1
3Hops68rNGkSb6cu6WIjFp,-1.1140572276103717,1,0
6YG2PNDqV4qfKcKRhyMPKU,0.9726426858359686,1,1
2ugGtcgmX09LqHb8yFdJ7M,0.9726426858359686,1,1
5teOR8KU4XNWY2WlVUDiIR,-0.2695382056654876,1,0
02Jf3pdSKAUgseNZSiJbwp,0.14862169840430936,1,1
2jxzgYJKUfQnjxfUMPuaeO,-1.560094458618155,0,0
4YMSk1mVIn9R6OBhXy8EXg,1.5752849005247933,1,1
1rNOZOHhqdTG3tnt3oMNYq,-0.33513191610780874,1,0
0ZIXzljb3OyZQBORi4hUf9,-0.08095628814381448,1,1
3hUxzQpSfdDqwM3ZTFQY0K,-0.12605196407291006,1,0
2mQBht3A5f5geE9va2hc61,0.09942641557256872,1,1
0W4Kpfp1w2xkY3PrV714B7,-0.3310323092051637,1,0
3fZ31KU4L6HjkiFBVH7rz9,0.5749808162793965,1,1
4KfSdst7rW39C0sfhArdrz,0.9562442582253883,1,1
3jLdiUB8VSt4n5dL2z4OoW,1.2637147759237681,1,1
0dw1QqaSB52Rhu42UorSmu,-1.0853599792918562,0,0
41UhyBzOfsI1mqBviJq6AN,0.005135456811732048,1,1
3jRW4o7TpIjA6KCnpqIeR6,0.185518160528115,0,1
1wkD1pgESRrQysLpioCew3,-1.2739418968135294,0,0
5dry5tz8yLcLuOJ3l6ZEQd,1.3990018037110556,1,1
2QR9IKSoGwcIYBMw5iUlwN,-0.7040965373458649,1,0
5Se9PXWc57LRT0zthjI5cG,0.24701226406779112,1,1
3vkQ5DAB1qQMYO4Mr9zJN6,0.41919575397888414,1,1
766TU1rC0hxn4GDyBxFqk6,-0.22034292283374673,1,0
4AsCJmJXmBS4Mwy2lVxuVz,-1.351834427963786,1,0
63OuVP82qzZpONYrwVS9cX,-1.0894595861945011,0,0
3qRQt0lktzew0xJ2d68tJ7,0.9070489753936474,0,1
2FWquqPNxte8iqZ3ATQG0p,-0.02356179150678346,0,1
0SiywuOBRcynK0uKGWdCnn,1.1489257826497061,1,1
0RE4crnT3jRms1xxVlEZx2,1.1571249964549963,1,1
2MOoIbJWIYikwIXjBDe26i,0.37410007804978834,0,1
0sp00HSXkQyqTa6QqM0O8V,-0.8065867099119917,1,0
1RlmAzI27AlIpvoRN3u6Iy,1.8786558113205287,1,1
4Egb5xP6cniUx0kgZd5zLB,1.4440974796401513,1,1
2LvfEzzDha03Pv1z7ESGY6,0.997240327251839,1,1
5vlEg2fT4cFWAqU5QptIpQ,-0.9787701998230844,1,0
1FXrYwvWwjmbw8cqFC1OWz,-0.33923152301045384,1,0
7GLBqDKAJLCLIsj2GEDkSw,-0.4950165853109664,1,0
0Aj8EagrPfDoOe5OlUdrLC,1.7187711421173708,1,1
7sfXUfwSVFmDl2PmvU5txi,-1.1673521173447576,1,0
5a98u76nZcFgGrejxnh3LV,-1.068961551681276,1,0
7JzOkrDkvwIkjdkt6wQIN2,-0.15064960548878048,1,0
0mWtcNIAL9jITVHl3F2SQF,0.5585823886688162,1,1
0TVcPTk3MMkT6WqkuatPSr,-1.4961405909368923,1,0
5FgdPkPCffPktT5qnWls8Y,0.5626819955714613,1,1
1JkilRAxRKFjvOKsqur9rx,-0.10145432265703984,0,1
0hwtCNaxCMWoZZPHjUAETA,0.6897698095534585,1,1
0pfTlQJBOV4LUmF8qqrVy5,-0.10555392955968491,0,1
1VYruNWR6k3fKQL5LXtIIK,-0.10145432265703984,0,1
1HCmEU2u0YU8ll8qgXDyjj,1.7679664249491118,1,1
2uZvZlMK9LPw4gpqdjRN7L,-1.1796509380526927,1,0
4r8JqkhpTb5tzSKKHnVJIJ,0.3085063676074672,1,1
1DwzHjHVzbb3mz2xnx3Zd4,0.4601918230053349,1,1
6tMwheKgpMHBcHtr8aYMn8,-0.24494056424961716,0,0
5iHBTMOKHRMCJr25NgC0PT,-1.5818223752021743,1,0
3i7Iyc932rv1AZz7gl7dj8,-0.654901254514124,0,0
4DZghpw50ZnO3ckfDuNkft,0.2060161950413404,1,1
2afipVQcYOHwXFxrQdoCZW,-0.6098055785850284,1,0
0b18g3G5spr4ZCkz7Y6Q0Q,0.9193477961015826,1,1
0U6bQIAh6MCGo1xjbIIx2S,2.1164330116739425,1,1
5itOtNx0WxtJmi1TQ3RuRd,0.7061682371640388,1,1
63so4PwtLxqzsRfFzbTSSP,-1.1017584069024364,1,0
3koAwrM1RO0TGMeQJ3qt9J,1.895054238931109,1,1
2GLQX8pvF8XOub6eH15FU5,0.8578536925619065,0,1
0snQrp1VaY5Pj1YIHRJpRJ,1.8540581699046583,1,1
3lj59hy6FrRDyYNo8Onuud,-0.09735471575439476,1,1
33SNO8AaciGbNaQFkxvPrW,0.2347134433598559,0,1
2rzBvHM9h36Tpdj7Jdajka,1.0341367893756446,1,1
4HqPiUgeE9z0MHLXkgUQkQ,-1.2124477932738533,1,0
5CLGzJsGqhCEECcpnFQA8x,0.4765902506159152,1,1
1mypcM1775ZWFTUVHx6duy,-0.5811083302665129,1,0
0ful4PHfTIxzXiZSZsXQ0H,2.210723970434779,1,1
5tkX48DzHmul9IlHyj0hxx,0.8988497615883572,1,1
7pT6WSg4PCt4mr5ZFyUfsF,1.7515679973385314,1,1
23oYG6HAbahMQEtjk0M7GK,-1.130455655220952,1,0
7uSZPbd8DxdkmSauCKnITY,1.612181362648599,1,1
032DRv0baStN644jRO2lMV,0.32080518831540245,1,1
1GLn6QTiwZVyFksUlZUV0P,0.2798091192889517,1,1
0oSVZClSSfn4aacXvdmkuj,1.3211092725607994,1,1
7kDFbQE78O8SDBzOthsKNM,2.190225935921554,1,1
2cSx9A7ryO74N3Stx6IakX,-1.5822323358924386,0,0
0T2zPVlS2Oyy0BXlmvYKTe,0.48478946442120535,0,1
7yCyhsU75MYdbeqRLhLY51,-0.835283958230507,1,0
70X9TAIp62fA6FbkwRG4M6,-0.8147859237172818,1,0
69UqtTHfUKAJweQwEStRzC,-1.2001489725659182,0,0
1roCmBlcpV7LzsmB7pmCyt,0.02563349132495741,1,1
3LEgGAl9zLcQWGTp7ptqtQ,-0.031761005312073605,1,1
3KhXPzHSDbqc1N1Lqb3L8L,0.6897698095534585,1,1
5UaiWpx39E60GAsoAtICoV,-1.5416462275562526,1,0
2YUjJiHEhbb7eO9OWHdarW,0.32900440212069254,1,1
5wAabWkFdwHiToFuqTCiUv,1.9073530596390442,1,1
4ja2gzrNh9VNigzoXfmbwD,-0.05225903982529897,1,1
3nIlBeSIVnDbWFO3mExxV2,0.5872796369873317,1,1
0K4gxQ2u3545b0GAu85ObO,-1.6072399379985736,1,0
3Ukt7NkeA9noJ8b0vU8sNO,0.41919575397888414,1,1
6xU5ky93riHj0PEElwZy2n,-1.2411450415923688,1,0
3oLe5ZILASG8vU5dxIMfLY,-0.26133899186019743,1,0
5MMZJtHOiH1RmQSSe3DJdg,-0.6508016476114789,0,0
038gnuPve7s8rADCEDYsMH,-0.13015157097555513,1,0
5lIkxf9apwwahN64CLgGOI,1.722870749020016,1,1
2OQMSCUE6ClEZFJFFNqNrQ,2.0139428391078162,1,1
6HVIS5C6QpJNNRdpynTqGZ,1.2719139897290583,1,1
6XjJXPP3UiGtAQpYkD01c0,0.6897698095534585,1,1
3IznIgmXtrUaoPWpQTy5jB,0.5298851403503007,1,1
40U8KhwvDcaoBFYV4hKfRn,0.4888890713238504,1,1
5kzwRr1EKDrupiOySWTgTc,-1.4198879025476938,1,0
5VOA4bqu5MDoSZ58QalrCm,-1.0443639102654056,0,0
0PuIRJEXJy0HpdWvgf4Wxh,-0.4704189438950959,1,0
3zTkMXOBJ2mIfwkPF9JrQr,-1.364133248671721,1,0
1L1UEIyGtc5qrJUfiloqTZ,-0.3187334884972285,1,0
2x1fFf9HB5hEjEnLiKquTF,0.5913792438899768,0,1
0RTzJVkunbGwuRjXDFHnjf,0.7266662716772642,1,1
0HTb4JfMtMkMYUtyd19In3,0.11172523628050393,1,1
5tGKyy4mgkoZ1jjsIFSBed,-0.6426024338061888,1,0
6n6dqOk5vLiqYaa9Fw5ylH,0.4888890713238504,1,1
11acrZ5o6QredI03M4sAsp,0.9767422927386136,1,1
7sZDbHZiuHEzS00vzCuhqS,1.9688471631787203,1,1
6n8TMVyFKoUmDc4apxceRD,0.603678064597912,1,1
1nYzjrdVQ8RpF93M0jPFW7,0.49298867822649545,1,1
4d2ZJ9W7dkQuITwUCTuD5n,0.11172523628050393,1,1
66ZcOcouenzZEnzTJvoFmH,1.2145194930920273,1,1
4wwaZGdgjIJ5NnfGQchgbZ,0.5995784576952669,1,1
4ierRI0gl4kEfK6lMKk3HM,-1.1140572276103717,0,0
5maosvba9QkQP14u6vtxog,1.6572770385776947,1,1
5h8jp1tzNDBhETtY4l1pjI,-0.03586061221471868,1,1
5diufoHZPKvTBMut2NLzbf,-0.49091697840832127,1,0
7CH8J4ulT49UfZwSDSkSZA,0.07892838105934336,1,1
2pXZpxidEYMMNUlPOBADGa,0.3413032228286278,1,1
5Brbi6yyDD6JX8jG6qYE8V,-1.6191287980162443,0,0
40U8KhwvDcaoBFYV4hKfRn,0.4888890713238504,1,1
3pj4VZpb4NQ6WoBXcnqt0p,0.5544827817661712,1,1
5nWjUNo9bEAyXUgu9GbQLP,-0.0071633638962031706,1,1
6zrGk96LoPi7LARG959UWA,1.722870749020016,1,1
5gOyjqIifZ9NqVcaIIlqv7,1.612181362648599,1,1
2wenGTypSYHXl1sN1pNC7X,-0.2531397780549073,1,0
4B5GVnMetfekXDajAgMSFy,-0.7491922132749607,0,0
3f4Iil1Tm7uyA1E0J0Eu4C,-1.187850151857983,0,0
1M0L4ZEquOtj8HXnI9arlD,1.4563963003480866,1,1
390rAc1GhIjAjXZuZrq15k,-0.8106863168146368,1,0
023OVLNzXhX0j7CxswUt6D,0.656972954332298,1,1
3aGibUHhQyBsyumYHylw0K,0.8701525132698417,1,1
5EYZZvmNAH5VZCwuzYJqoA,1.7515679973385314,1,1
7lQyUSFLyCa8o4rBxsUNPU,1.4358982658348614,1,1
5UY8jf31X2hJkiAualFTyh,-0.8229851375225719,0,0
3e0ZGE7Gp034iLknjQk4QW,-1.5018800406005952,1,0
33WTgxRdPBQQpVCMXpNxhO,-0.08095628814381448,1,1
7eJja8Vmb4TAj46iq283dV,-0.4704189438950959,1,0
6WEoqZfJkNKkRaRsQSxnbH,0.5667816024741064,1,1
1vsQb8n0icvMsFnL9663LM,0.3659008642444982,1,1
7IezwtVIJIPC36LpKMR9d7,0.1896177674307601,1,1
500mvzh7TRZ0YdnVeHhj8b,1.304710844950219,1,1
5rlMVKnvE6ZSzNCs8ZyHqU,-1.0607623378759858,1,0
6htUZ2aZGaZDbQ0LHjZwUI,-1.0279654826548255,1,0
1ZMiCix7XSAbfAJlEZWMCp,-1.5354968172022847,1,0
5iyZwawawLjHYpX4MxUKVF,1.2719139897290583,1,1
7KhzNtBj6hmB08fyJCIRb3,-0.6016063647797383,1,0
33bae8gtptLywJOhnC1FIq,-0.9705709860177943,1,0
2Jlq9Sj4yheCbRgNHrZyWz,-0.2736378125681327,1,0
2uiAZVVKqqYlM6KM9POTYq,1.4031014106137008,1,1
1FQzF95qaPr0sQXIsjxDQm,0.48068985751856025,1,1
4h4QlmocP3IuwYEj2j14p8,1.6736754661882751,1,1
39pMuJ3ShxDqb7bBIAXSYG,-1.0484635171680508,0,0
2LqPmrNUWC5xo33ONwdooI,-1.6355272256268245,0,0
2iPaXFJC1ggCQQ9s28uwBb,-0.6672000752220592,1,0
3aUD2nXnCYiGd9V1UhfyRz,0.27570951238630664,1,1
2ht13ee9lxkXCMOxVQo0jB,0.10762562937785887,1,1
2IjthaptX4H9KQwEj52Bqx,1.9155522734443344,1,1
5d8py7ZZRXXQ1POpsNbl8N,1.366204948489895,0,1
0rxEPf4Y6uBmV3hkrV340a,2.091835370258072,1,1
19a3JfW8BQwqHWUMbcqSx8,-0.10145432265703984,0,1
0glQyuYv0ylzFhVLJh55E2,1.0464356100835794,1,1
0wzThSEGQOnrGtFnyxGSMZ,-1.360033641769076,0,0
7DtolWWUZjAoXDisILmlUd,-1.2124477932738533,0,0
7e41gTSV9fKdsDqOgS47Wg,-1.669144002228514,0,0
6zDdR5SUiRPmAhQIxnsbQU,-0.527813440532127,1,0
4WghJOMjDpGdlk3b8aJIgy,-0.8188855306199267,1,0
6hnFTbHHF5siJVrSrl7D8G,-0.585207937169158,1,0
5sPoju3oZHg9Wq5KXxBH3a,-0.35562995062103414,1,0
6sy3LkhNFjJWlaeSMNwQ62,0.17731894672282486,1,1
4vvZKGxwq09jL4F30aF1Om,-1.555174930334981,1,0
0ri0Han4IRJhzvERHOZTMr,0.9562442582253883,1,1
4gC6xOiJLHTpIARRdmYMaQ,1.08743167911003,1,1
0ax8NVafraj3HnfCwvnHK4,1.423599445126926,1,1
7FdvD8jMcvUW5xbxSsQTA8,-0.2531397780549073,1,0
5hU6UR3JAmobbRF8in1hpN,-0.37202837823161417,1,0
2Hs659VSIWrtetYzclXVP6,1.5834841143300835,1,1
3dBlOhEY4xdQB2Ge4NzULx,-1.360033641769076,0,0
2GtWghPeJ8IFFBmLaSK8mN,-1.5391864634146655,1,0
7aSvPfoqiM0zwPqupLGaHd,0.8742521201724868,1,1
16mrdTSWwfVfOiZNw84tQC,-0.1178527502676199,0,1
0ucdKKo41YKHEbeS1Siibn,1.2022206723840922,1,1
5gflgO9EPbIBf16n5TKnQS,0.49298867822649545,1,1
1DBra8wN9Gh9emkHot3FXk,-0.474518550797741,0,0
65jpYG7TQCh0T7TtKO4Rjj,-1.3793017942115078,1,0
6IilOt8IAEuoy8yMpUVrzG,-1.5014700799103309,1,0
76zTKFGA8tUF3gvCSJROXl,-0.3638291644263243,1,0
7BPNnaH7sze0E9U6iy1jNp,-0.11375314336497483,1,1
0yQgvvEyDS5xICpMsj6O2k,-0.23264174354168193,1,0
2uiAZVVKqqYlM6KM9POTYq,1.4031014106137008,1,1
2grFTYShYe6dp5GRBUzaVm,-0.08505589504645955,0,1
7tmtOEDxPN7CWaQWBsG1DY,0.296207546899532,1,1
3JRCle6ESV3KCRNaD7ajDu,-0.6917977166379297,0,0
0u2P5u6lvoDfwTYjAADbn4,-1.2862407175214647,0,0
4nRwznPhpULuqcqRw9KAUd,0.886550940880422,1,1
74PdooqFwI8VhklmayQ7dz,0.4150961470762391,1,1
6mzhtKI1sI0TkPUPbNAZaM,-0.347430736815744,1,0
3BNv1ZzyYexaVGUYkEYSRI,-0.9582721653098591,1,0
4eu27jAU2bbnyHUC3G75U8,1.468695121056022,1,1
6f579WLsCngdSB8JZM8M9s,-0.5155146198241918,1,0
3Cx4yrFaX8CeHwBMReOWXI,1.8909546320284638,1,1
5XHCdXhFUpWMp5lYgpfbXT,0.6282757060137825,1,1
3NpNTYETMcXspfs8hE8T7h,1.95244873556814,1,1
3F7bhRhNpY4YKrwa4kGeUz,-0.24494056424961716,1,0
21whloemotjEi7Uy7wV51E,-0.8188855306199267,0,0
2Kja7rWFWrg3GcMQS3hyFN,1.5424880453036331,1,1
3x4I4nRuZp5NdtGvCPw6Ms,0.6528733474296529,1,1
18lR4BzEs7e3qzc0KVkTpU,-0.6016063647797383,1,0
1wYdWiqpdr8OvyRItGGLFM,-1.0525631240706959,0,0
2Z6xuwDmQZ1o8YlaSVLUhM,0.603678064597912,1,1
0WtDGnWL2KrMCk0mI1Gpwz,0.6733713819428783,1,1
7eJja8Vmb4TAj46iq283dV,-0.4704189438950959,1,0
1YlulsUKDduOmC7WxvXYPW,0.14452209150166428,1,1
1Dwfszy0pjd663dffKTFLh,-0.27773741947077774,1,0
43wzy7JxMEfvCh8ZFeZKYk,0.5503831748635261,1,1
60PINd8oHZjazE0J9cuKcA,1.1120293205259006,1,1
0tGf44ZIlavnaf4t41QoHL,-0.941873737699279,1,0
3mLFCocZgUvih60frphM6l,-0.4294228748686452,1,0
3XKjZcgNYtvCmBpE1nX7Wn,0.34540282973127284,1,1
4hrU4dZNOExd0Lxlvp5aih,1.0915312860126751,1,1
5ppUThWn9v9lZyqLRrfb4D,-0.17114764000200586,1,0
0iUrxveyNUBfj0cqjYEijt,1.8827554182231738,1,1
4LaXv6ilq82AfWKEKUiyEG,-1.6150291911135992,0,0
5XeFesFbtLpXzIVDNQP22n,0.185518160528115,0,1
35NDUYJIRkuYsAw7h8Zbrr,0.6938694164561036,1,1
0DzPnTBSmVRKBQAmH3EomR,-1.4436656225830353,1,0
2cobxVQ4iAJgTsruHYcmEW,-1.1755513311500478,0,0
3LR769KBhvZzdP4D2oDXEe,1.005439541057129,1,1
4ynh6SYokrNc1E6fHKSTht,-0.7491922132749607,1,0
66TRwr5uJwPt15mfFkzhbi,1.5137907969851176,1,1
34ZfAjSGM4vxJ1P6N5geSp,-1.302639145132045,1,0
4WH081NcZkk93PVK2S3q5N,-1.2247466139817886,0,0
1AKGJQIHP3dIPuhOjdxD6a,0.4273949677841743,1,1
1Lfr9YBRpeSwCS14kBoTAg,-0.7286941787617353,0,0
2GJpC13em5XBfBqccu3MQ9,1.7146715352147257,1,1
1lk7XKml3xru8taOpI1bih,-0.6999969304432198,1,0
23rdcrD0Eky4vYn2TZidxJ,-1.2534438623003041,0,0
4uh3rNFPV4c4NGivFATrrS,0.12812366389108423,1,1
0gGwIl6b1PRp2bE9wCbWa3,-0.6262040061956085,1,0
5Se9PXWc57LRT0zthjI5cG,0.24701226406779112,1,1
25AonSNc3a4Jg0WNhTSUw1,0.13632287769637438,0,1
7ssFG94tZHpX9vbIFM0GVH,-0.33923152301045384,1,0
5RLDbZPiqULNl4cr17eoIV,-1.6105196235206898,1,0
1KU1h4FO5hvSMMWWYJZm22,-1.294439931326755,1,0
2IpBSXGTdHFq0Dt8zzoh5h,0.48478946442120535,1,1
733RnlYLskyvWMhhzs70sy,-1.249344255397659,1,0
5wV2TAUTKHcKgaEB6XnWDI,-0.10555392955968491,1,1
1BLfQ6dPXmuDrFmbdfW7Jl,0.9562442582253883,0,1
34eF4BoV8FPk0uhAAoqU7h,-1.1714517242474027,1,0
60mrGpCA4OIUuRLwi4T5Nm,0.49298867822649545,1,1
4rbDvczzTJYpYQUCh6VzQZ,-0.0030637569935580977,1,1
1lORkxEMmsCZqhoxcmk3A3,-0.6672000752220592,1,0
1qlazPhrxw3xGG1MZHQ1p6,1.665476252382985,1,1
3TcL0dyCMyr0kyTTc4NLgI,1.2719139897290583,1,1
1wrUZ93D3xYNxf3ujAnRBU,-1.633477422175502,0,0
7cVe3mYMIfhOlz1NXFWv70,1.005439541057129,1,1
75bb7DwDTcBwc7w38z3Zf7,-0.7696902477881861,1,0
3198LMj0bpnXj8Mb1GLo3u,0.7512639130931346,1,1
5rlMVKnvE6ZSzNCs8ZyHqU,-1.0607623378759858,1,0
0lrIwNdTiHaOlw8gqwXk6L,-0.7409929994696705,0,0
7FJvIEwZ0euCr67yihS2aW,0.886550940880422,1,1
5bryfrnYaxlofC6MAG6vde,-1.0279654826548255,1,0
14Sr5vbW1kBUuMCOBf8Oru,-1.2616430761055943,1,0
2ONIJ40u0Attbm3miIIpNO,1.3170096656581542,1,1
0gRNu9dVzi5aC87AI1empZ,1.001339934154484,1,1
7xapw9Oy21WpfEcib2ErSA,1.722870749020016,1,1
5O4AGvOVFSs5ipu3iNOuoi,1.2678143828264132,1,1
37FXw5QGFN7uwwsLy8uAc0,-0.33513191610780874,1,0
032DRv0baStN644jRO2lMV,0.32080518831540245,1,1
7nYf9GaA5GG4JIdnFPRkrb,-0.21214370902845658,1,0
3oV2RVOmwdWdf9BmGS4Oad,1.0587344307915145,1,1
4u35xH6SU1ym5vGzsZxvAp,1.6777750730909202,1,1
1Lim1Py7xBgbAkAys3AGAG,-0.654901254514124,1,0
4dMvtp8p5mzCCaA18dgzQy,-0.2736378125681327,0,0
1mnQiO568zXIrUncttTZGp,-0.16704803309936078,1,0
7x5xYW5W42OGPAdHUyyguy,0.4765902506159152,1,1
4sF0Tp1WNRHyTXiz4bqGTU,-0.6999969304432198,1,0
2XetkGYnzGVJKcw467pqKA,-0.26543859876284254,1,0
4K2TmH3Luk6dF8dVEmq6m0,-0.33923152301045384,0,0
4zcU9UeYc6Xx8XmBlxV66n,-0.8024871030093466,1,0
0XhFy7NAFb8b1grm26Xwh2,0.2306138364572108,0,1
3G1Zpxk5suXASMAYITJHXJ,-1.1755513311500478,0,0
5maosvba9QkQP14u6vtxog,1.6572770385776947,1,1
6s7QCvRW7ez9TNZpWG17gw,0.27570951238630664,1,1
4LUJzSLpBtgH3dpOH7J7Nf,-1.1222564414156617,0,0
6f7BE3VcZScJx6n3wsf5Z3,-0.24494056424961716,0,0
4pIUe7nlQWBvQ7NzMCcrUC,-1.4887612985121312,0,0
6a7BTEh5KyN9seaIWmQZG5,1.9401499148602048,1,1
6SRsiMl7w1USE4mFqrOhHC,-0.6303036130982536,1,0
3k2apDc7IgQL2dbUxQKkaQ,0.11172523628050393,1,1
12ZIRTS8x9RBgasDg3q27J,-0.8024871030093466,1,0
4i7HqWsN7iJzsXpsW5h1nb,1.7146715352147257,1,1
2hH6W8txr9DvOOTEhjEzI7,-0.3638291644263243,1,0
4vUmTMuQqjdnvlZmAH61Qk,0.9603438651280333,1,1
6zrGk96LoPi7LARG959UWA,1.722870749020016,1,1
0hAoRx9cc7pcsqfE2BpF9Y,-1.4432556618927708,1,0
1nTH6eMMt4MXqvu9GGLn4Y,-0.7983874961067016,1,0
4mGXCXP9khO6DfRPI3vIuG,0.4724906437132701,1,1
3zTkMXOBJ2mIfwkPF9JrQr,-1.364133248671721,1,0
655sojH8GGEteZTBJOFyy7,-0.4663193369924509,1,0
6qGyxIijWIscsjxHLZBLhG,1.0177383617650644,1,1
0uLPKDuIhkIhttiwezNdiG,1.1161289274285455,1,1
16Ur2rs2LmY5rfUhQGt9Ds,-0.827084744425217,1,0
15kWo1IAEPP3EzZfe4pae1,-0.712295751151155,0,0
7wW9scVNLYFLsmBb1yAUmS,0.40689693327094895,1,1
7MiZjKawmXTsTNePyTfPyL,-0.9623717722125043,0,0
6tmZRSTEAW90RI8nXsly1f,-1.483021848848428,0,0
4oozP2hnvCnePEWvWcJuSP,-1.6187188373259798,1,0
35V6qXUDCvwZdmbKe5PlPG,0.6405745267217177,1,1
5kkSbXjKeAxmDllVqAjDq6,-0.26543859876284254,1,0
4HqPiUgeE9z0MHLXkgUQkQ,-1.2124477932738533,1,0
6lbvpxfZWWnttBeFZHZL0U,-0.38842680584219447,1,0
3GoJ58X4Mqh8xW76GBB1fn,-0.15064960548878048,0,0
5iq0Tela3gm73ZW72XZ5dm,-0.8721804203543128,0,0
77MrX98hyOXLSs3dIfmOYk,2.001644018399881,1,1
1TQGVAi1Hx83KDczqwNJZX,1.6285797902591792,1,1
5Z6hPYs0yG1lZrQ2SbD4bM,-0.2531397780549073,1,0
5LCIH5Wv6FxoeoKtYv2Sgn,-1.3190375727426253,1,0
7uIbzEfNNeJVEolHCCXJbJ,1.5465876522062783,1,1
0giBb5q4vwZi6Zn6BviLgI,-1.1181568345130168,1,0
4k36VDWDSL7WrGWetWDWYL,-1.4908111019634536,0,0
66y7x28jXOPrcmu3D5Zjh6,-1.360033641769076,0,0
2O30HZ3iEz32Nx8yVMJjFO,0.1609205191122446,1,1
5OHB8c9edGVtNNzGilr3tJ,-0.5524110819479974,1,0
1No2CqopteR18XVL4RJHNO,0.7266662716772642,1,1
3nRAW6huHTz9zGpH5hE8sk,0.021533884422312338,1,1
7AO3VqeTAOOG4KVgl9R4MX,0.005135456811732048,1,1
0RUGuh2uSNFJpGMSsD1F5C,0.1732193398201798,1,1
0anBHV3eP4hiHsLQR5AZsm,1.3211092725607994,1,1
5NBCTiyU4o57c3ClTFI3Wk,0.25521147787308124,1,1
05OsKzq1tm0SY5Hk4lZQRE,-1.4916310233439827,0,0
04YCnP86jSUS5h1JNzbW10,1.194021458578802,1,1
4p1Bqg3wcgBzJAcbIsTZAH,-0.03586061221471868,0,1
0iTI5FTB9iEUtcMdx9YyZS,0.3249047952180475,1,1
4ZUpTMKPYFTfJqamWFU9Zv,1.8130621008782075,1,1
2z7VITS30dBexE91V5QXWv,1.5055915831798274,1,1
2bQhVQbV7VBzSOPo8mbkUR,0.40689693327094895,0,1
4DWmoi9kCghW93QNnefhDJ,0.8045588028275206,1,1
2PqSOrlabozEH6KXs7BvQr,-1.2165474001764984,1,0
3hCUkos0NxuSFl73oOHJzb,1.534288831498343,1,1
0WAkoLKlEFRp4V3llA27KF,-1.5879717855561417,0,0
6Bwa70yQ1HzKx9CODkRcuk,-1.2001489725659182,1,0
5aYEQLm02WlSlaOv5g6sZo,0.21421540884663054,1,1
6ebkx7Q5tTxrCxKq4GYj0Y,0.1609205191122446,1,1
05ABOPiW13nqIedJfqmfPM,-0.0071633638962031706,1,1
3zrYpkaJgSpr3cQTPFfZWg,-1.355934034866431,0,0
46D0hYb1B7qiU33VtXt21W,-0.32283309539987354,1,0
0wf56xkFyoiPBPDhqgksMt,-0.09735471575439476,1,1
79bj6j7yTkU13sFA1yNjzV,1.1161289274285455,1,1
4A9dJIJTDQZzkpIUqyUSxe,0.18141855362546994,1,1
3nvO8e555P44mjEfdiP9p7,-0.8885788479648931,1,0
1mHuDqFVDEi5DLFJ0Pyz3d,0.2183150157492756,1,1
3iTeyLFIDbHAD1PzNeLu1F,2.1738275083109735,1,1
6YKCEtfZXXyionWJPtT5jb,-0.18344646070994106,1,0
44vJetDdcFOhZhgpk69P41,1.2145194930920273,1,1
25pXZKiGo4rnUfc4WZjV50,-1.4100488459813458,1,0
134KuDqugUFSbDUk0kZmLk,0.11992445008579408,0,1
13O36COxxWjcvc9r5Zsd1P,0.3085063676074672,1,1
1wqfYcITygmG1bnmuIFnsZ,-0.8803796341596029,1,0
0OJN2A3Qyvd7pwSF0AIteC,1.6859742868962102,1,1
2uX5f3x2cObov0iDAPln4o,0.9644434720306784,0,1
0d2rYcjjSDD0LZTbSvlZq2,-1.4723628709015508,1,0
2qXicQG06oT0ijKBznpgQv,0.08302798796198843,1,1
3rPvqdTUROO6eFGFJnY6Jr,-1.2698422899108843,0,0
6XGqOY2tWjHwRIJ4qTjGBf,1.247316348313188,1,1
6N81xlWzMaEYhjHry55OSI,0.001035849909086975,1,1
2GTasAZimpxzNgE7aXFifI,1.005439541057129,1,1
11aL3xQFQRj0xJZb0tihFg,1.2760135966317034,1,1
3U4isOIWM3VvDubwSI3y7a,-0.42122366106335507,0,0
6gZVQvQZOFpzIy3HblJ20F,1.3293084863660893,0,1
6UPXKzJMmTKcNJPIjXUkO4,-0.5606102957532876,1,0
21TcDbGosp7w9YhTjOszgA,-0.4130244472580649,1,0
5NUg1p8NkWMQBx7vRpqXQ6,-0.31053427469193834,1,0
2GtvxN6tjbqxPZKRNZcJ7x,-1.2903403244241098,1,0
5zYqSr9RtfujCy72aCGYEC,0.7348654854825543,1,1
2duFPm9rvnojzCSkzhi4l6,-0.6303036130982536,0,0
50eJOxJiGmJ7PBZaTKpje1,1.0177383617650644,1,1
4P04JqCLPPMBBCVU50w6Iz,-1.5248378392554076,0,0
3pOSvuKA8pmBG7Ar9Y5OnK,-0.7819890684961213,0,0
2VhY69P0Q15rHfEKaMlR5x,-0.6303036130982536,1,0
1Nj2oBISdFDSF8eDuXcALz,-0.6467020407088339,1,0
2HN8Y2Mkp9xikxGR9VJXoa,-0.26133899186019743,1,0
6TClJ8jXi3OBV7gcrU3jx5,-0.5524110819479974,1,0
2w7eLhPSwlf70q9dQ1LGpR,0.2183150157492756,0,1
1LHhEn432gLhN8tHz19uoE,0.46839103681062505,1,1
2MQ5oY4ZoJugYsTNEk1Gjb,-1.1181568345130168,1,0
42x2s9Uuu5fpd9PyPc4jzF,-1.5203282716624982,0,0
5JXOF1rt31rT07luk5wFE6,-0.6467020407088339,0,0
5N4erncE7kuUccm7zEmwzk,0.2921079399968869,1,1
14ahZtLV5yKtqQATTfQta0,-0.179346853807296,1,0
6mRYWQUJJ1Z02aMviz2Dj7,-1.418248059786636,1,0
3Q8N40f3RvtQoaPnEwYj6d,-0.9295749169913438,1,0
0B6hW0mGwtejHAWuJ0qMka,-0.37202837823161417,1,0
1lk7XKml3xru8taOpI1bih,-0.6999969304432198,1,0
755inykyaG4w22GWAsA3MX,1.4276990520295711,0,1
3ze5haYQIPLiNHq3Iahz98,-1.0238658757521804,1,0
1TYPv1m4WCmSuoE48RIBAe,0.3413032228286278,1,1
2tJUcBxiQEYSCzC3BdIOk8,-1.3395356072558506,1,0
7Jg65cOkLoiT7Q4vQqUvIG,0.5667816024741064,1,1
08Isz2ETWSBhvIl8UpKYsp,1.1817226378708667,1,1
1hRDHWWealh2Pk3fnpIe75,0.12812366389108423,1,1
360Wr96ywrCQq4kTAJ8Pq6,-0.24904017115226224,1,0
4pfaDMGAvsMasO5ES9PbnQ,0.0707291672540532,1,1
4v2NVNvvFKmflDJ8BeHCxw,-1.5572247337863037,1,0
1hV0Ue00iyNCZvb1n0VyGf,1.3252088794634442,1,1
4lhqal0Hq63U2wETCeBdG1,-0.5237138336294819,0,0
6DbYH5UvdXBZEQgTelaFdm,-0.8393835651331522,1,0
6Xoe3jKnSFKSzsQ8kdDT7I,1.5957829350380186,1,1
6LXMUR2rpxFBDo6nilS3yX,0.013334670617022194,1,1
6mktMBAkKKGF9ZHRfn7Ohc,-1.6166690338746572,0,0
6Oq4lIhSSYdA6WuXU9sPeG,-0.474518550797741,1,0
6ZblDQM0Gq0daaPAwuHOmD,1.5998825419406637,1,1
5v2S0IqMixb6x1fDL93Szr,-1.0361646964601154,1,0
7rpNuuoMbid56XkDsx2FjE,-0.7983874961067016,0,0
5euumi7eqEgmxvCIJw2pSp,1.6326793971618243,1,1
6qGyxIijWIscsjxHLZBLhG,1.0177383617650644,1,1
1BvvJicoB4AlqboiE86G0a,1.784364852559692,1,1
3pM7NQahwmilUQ2JSBJOzA,1.083332072207385,1,1
3CLSHJv5aUROAN2vfOyCOh,-0.9213757031860536,1,0
13JLAaCBniWngbG2u7owok,-0.4663193369924509,0,0
1F5A4LpF8ylUVtPoMAvNvn,0.04613152583818277,0,1
7HKez549fwJQDzx3zLjHKC,2.2025247566294888,1,1
1ySwd43oWXbrytN2BD0Mhb,0.546283567960881,1,1
4FU3ZPmRf63ps3nV1d7qE8,-0.8393835651331522,1,0
1c03f9YZmO792D7hRjZMYi,0.7881603752169403,1,1
09IStsImFySgyp0pIQdqAc,0.013334670617022194,1,1
727Z2S2mtNH46CbP9EWPwY,-0.6385028269035437,0,0
4UeDsgBvGIAqfb8VuOqjl3,1.526089617693053,1,1
6x4EFTRAPdQsXyRtzo22y5,-0.03996021911736375,1,1
0Uv5Kp8sEnriJjkX4oLfNI,0.521685926545011,1,1
6lGuFStXhrgBEap91aqGbs,-0.15064960548878048,1,0
7I5WT7DtpwSAhEeDLpZEfm,1.9032534527363991,1,1
7i2DJ88J7jQ8K7zqFX2fW8,0.05433073964347292,1,1
6HyoNDIpx057slv9bwR75l,0.07892838105934336,1,1
5RL2Bu8rn2WiyWh9h8bPHt,1.1653242102602865,1,1
6MtI49ggHHumUTONlvMQlq,-0.44992090938187057,1,0
14ckoOlSTdYVDURRxlpHrW,-0.9131764893807635,1,0
16BnRyqzdVcurz038JKdje,2.1697279014083284,1,1
0fVDu1evgjX9CFD0cmuRrM,-0.30643466778929324,0,0
1zNkDuAsIpMf9vAMxeZ8Ih,-1.2862407175214647,0,0
3gDEnyulWXK4rdPhJQkhJL,0.886550940880422,0,1
2iUXsYOEPhVqEBwsqP70rE,-1.1550532966368223,1,0
2U5803YfaBN6CTxrClVJmS,-0.6876981097352846,1,0
44oCGRuPFy7Uz6w4KliMBS,0.7553635199957797,1,1
5Uo7AAr2d1CNZlaKgVUT3i,-0.5401122612400622,1,0
0aQA9DP54h37OevE7hRc2a,-0.1178527502676199,1,1
1a9maLxqpx3cxjY1lTj62B,0.8578536925619065,1,1
0Gx85FNdpsYyTfHiumSJfk,0.18141855362546994,1,1
6RtPijgfPKROxEzTHNRiDp,2.0139428391078162,1,1
3PIla3hOLQxw5l6GW2jdZu,0.5790804231820416,1,1
1GelvXCuNRJkSTV8UwAAGw,-1.620358680087038,0,0
60IkVf7UfQXmt5CwkpcX8a,0.07892838105934336,0,1
2Fs18NaCDuluPG1DHGw1XG,0.9070489753936474,1,1
491c4G5XxA8I80zNvR1rLR,0.3822992918550785,1,1
3Q5cLvkKsHJvYltf8k7HkO,-0.42122366106335507,1,0
1HR2CTi0ytRJIcik1QKdOa,0.13632287769637438,1,1
1BvSkVrXtnjTuyTR4Qa8be,-0.9623717722125043,1,0
7DRDufzLV8vbLRPdkJIqWq,0.41919575397888414,1,1
3H2XRBhgSShmlFL7xYTIkC,0.5380843541555909,1,1
3u1VVczCH5NzYxJV3gZaYn,0.14862169840430936,1,1
1yYKo5g6Auz6NmanwGpJOI,-0.8721804203543128,1,0
3Wrjm47oTz2sjIgck11l5e,0.6364749198190726,1,1
0ClPIeT6MSgfSgQ9ZrJbAq,0.6856702026508135,1,1
2LcXJP95e4HKydTZ2mYfrx,1.2965116311449287,1,1
5sU5tHfxGMCMMI3WmgUQ0L,-1.1386548690262421,1,0
7sZDbHZiuHEzS00vzCuhqS,1.9688471631787203,1,1
2XKsHHNCtKqk9cF35TRFyC,0.09122720176727857,1,1
33vZRjxJScapmRShRJq8I0,0.09942641557256872,1,1
3tVDGN7KKX2QgQMQoTL8Dc,-1.5527151661933942,0,0
4Y1igB1GDncJvt7ezbV3cW,0.017434277519667266,0,1
72ttefAFBYvPRDNaSzNQos,-0.7573914270802508,1,0
6o2XzO0EbtT28XXR8g0eZP,1.0587344307915145,1,1
5j1afatmPZ6MxqpLdSWAGn,1.8294605284887877,1,1
0b9oOr2ZgvyQu88wzixux9,0.4724906437132701,1,1
25yup6WYnPoITrfzhkBLmt,-0.29003624017871293,1,0
65tX8MBdsnTiwy9UoIPHzr,-1.1386548690262421,1,0
3w5vlSMaHqo0QQyqsSxGjT,0.37410007804978834,0,1
2gjZlOFRtrwnoGy0Vzb66Y,-1.1796509380526927,0,0
5CwA7YPNAcXVJmazELgRc0,-0.4130244472580649,1,0
6NNP27VopCg9igRuWCRt6P,-0.9500729515045689,1,0
1sxh0eqIb8ulYypPuq6ZRu,1.2186190999946724,1,1
2zz4plJxtgMIsQg5SMl2Bg,0.029733098227602485,1,1
3iiblrKjrVkGrPbjFbNeqj,0.2060161950413404,1,1
3pTHZHX0MRE7xYeiTEWlaM,0.7061682371640388,1,1
2RttW7RAu5nOAfq6YFvApB,-0.8106863168146368,1,0
0xx5CXMss5CFv2GPkg97aC,-0.474518550797741,1,0
6BQcggOEF7ASntQACEdT2L,0.8619532994645516,1,1
55KvkgRT9fqmQxqqPuaRJX,0.46839103681062505,1,1
3ZcLmonVVD1MTQtmQb8yf3,2.136931046187168,1,1
2ixsaeFioXJmMgkkbd4uj1,-0.18344646070994106,1,0
4qRcjFkFqSpLBzcbLDt7HL,1.2883124173396387,1,1
1xdoNSWRU59XRgtOgoQ1KH,-0.49091697840832127,0,0
7H0ya83CMmgFcOhw0UB6ow,0.6856702026508135,1,1
1fTAs4YpBA7R21i0iB4j54,-1.6871822726001524,0,0
0HIHiUyybKHO5mHVC2oDb0,0.6856702026508135,1,1
7pWAX5kJBULFTDNiH8oB42,-1.3272367865479155,1,0
0pM1oWq2iw8W0AY6ORdC0x,-0.9090768824781184,1,0
3lI0MAMwOYgS101HNrvTu0,-0.42122366106335507,1,0
5XemvyG79fcKPl5lgbhplq,2.1697279014083284,1,1
1qXOFKAQQRubt2NQheI3t3,-0.41712405416070997,0,0
6HVIS5C6QpJNNRdpynTqGZ,1.2719139897290583,1,1
1brqrwappe4lTVfhBYlojf,-0.7450926063723156,1,0
3Oe3VdPn6rAueriQvFhCBA,1.1489257826497061,1,1
4VEEDnEFLI9dUy5QA51rom,-0.2982354539840031,1,0
1aZmrST6ppqWbi0bwbwlOj,1.8540581699046583,1,1
6O4oKV3btLiEtOgEuplIUn,0.41919575397888414,1,1
0gbNOv3x5M87aczFOIEzfp,0.19781698123605024,1,1
6TsRPIdwASJBXanGhftVjc,-1.4096388852910813,0,0
4DOvwcmqmeJXcomd7xhleR,-0.37612798513425927,1,0
6KigD0mlF4VGDYiSEzAyYw,0.6282757060137825,1,1
2vnocfBFbXPm4g9gsqquXf,0.005135456811732048,1,1
4iEOVEULZRvmzYSZY2ViKN,1.5096911900824725,1,1
0P3sSG4qAHjXneOnltU4FB,0.115824843183149,1,1
2tanvkYElTbqn48K3uawne,0.5380843541555909,1,1
6tZetCGfhxPh5ZIKCGmaKq,-0.527813440532127,1,0
55MIRLbZzpYSmMlRt9ZDWM,-0.3023350608866482,0,0
67awxiNHNyjMXhVgsHuIrs,-1.4440755832732999,1,0
1w8Itvy9df9DuPZUUWdq9y,-0.2736378125681327,1,0
2eoIiFKxEEn77cFFQ7NeI8,-0.2572393849575524,1,0
0NuO1kL7vrWOX8P63qsCsb,-1.130455655220952,1,0
4Cpa6lUScJygMT8f6VERZ2,1.1489257826497061,1,1
5IV5Wh6hdncGcsnbVhhVug,0.3413032228286278,1,1
4NUgJ9gYHuAhaT3bj9ONh3,-1.593711235219845,1,0
1SPDWTBH7qcjbZ8zMRXlQ9,0.41919575397888414,1,1
2Xpjglns3XSGYEEyomvbIk,-1.1550532966368223,1,0
01ht19dqft1WSht7bJD2uI,-1.6101096628304252,0,0
2F8ds04UtncZxlcnVTA7Jx,0.18141855362546994,1,1
02dF3qjpgTpmPCBKo72C06,1.5834841143300835,1,1
0zFG3RWjka7dNRIRTWnXMN,-0.9295749169913438,1,0
2OQMSCUE6ClEZFJFFNqNrQ,2.0139428391078162,1,1
2WfaOiMkCvy7F5fcp2zZ8L,1.8130621008782075,1,1
5efWJfPGZyKJ91QDUPzU9H,0.521685926545011,1,1
28CIZlnlzpZpuF03qmIrLO,1.2350175276052526,1,1
3QJ3gts5Qrh0TzoSoKd69G,0.09942641557256872,0,1
0xoCyCfPwoRZcaMi7oXzjP,-1.3395356072558506,1,0
6vTtCOimcPs5H1Jr9d0Aep,0.4765902506159152,1,1
2TIswlajjVKRiGG7CvUbTU,-0.1629484261967157,0,0
6f4itfvWzS59Qu7JWorhxn,-1.413328531503462,0,0
4efFHMeCnNve5vTlSJMo9Y,-0.0030637569935580977,1,1
3ZW87Wj98EqDCduX7OH4IO,-0.3966260196474846,1,0
6qCNaRRr5xJALfNJvh0NAw,0.2634106916783714,1,1
1HO5CGNK9d9zGUXpDAxigN,-0.8803796341596029,1,0
4YMSk1mVIn9R6OBhXy8EXg,1.5752849005247933,1,1
71VA9K04DjVSdXpHFqML2s,-1.4588341681228223,1,0
4rUawbJ9qurU9Rb3NpT4kH,-0.08095628814381448,1,1
7JSSJf4TcJDv8KL6UO8FGH,0.33310400902333764,1,1
5m3EiF9WJgMV1hlBzUncPo,-1.5375466206536075,1,0
4lhqal0Hq63U2wETCeBdG1,-0.5237138336294819,0,0
50Td3qilgs8BLtv8mHyT1t,-1.5002401978395374,1,0
2L9VAxwHwtHcNQyZPzmOpZ,-0.5032157991162565,1,0
3N7FYk2FoSZMAwb229Qqnw,-1.5190983895917045,0,0
4cpTmeVi7oRQEtAdHEyGpK,-0.4130244472580649,0,0
4BTPzhEsyW3blWcxcuhLM0,0.3413032228286278,1,1
3P3pw6C19j31Rnzgo3JG7o,1.1079297136232555,1,1
6ixdUoTo8A2lXWVepTZnVA,-1.3231371796452704,1,0
25uVLrUrzXnqjDHoyX3bCY,-0.08505589504645955,1,1
2ALjttxAgqYgeTQyjg17k7,-1.6174889552551863,1,0
0xx5CXMss5CFv2GPkg97aC,-0.474518550797741,1,0
4HQQugufFOumfSO0ukf8Uv,0.185518160528115,1,1
65rRB2mspD309xE6YimZTl,-0.5196142267268368,1,0
0VZESWCk41YXSQ9l0M2TcC,0.7799611614116501,1,1
3hCUkos0NxuSFl73oOHJzb,1.534288831498343,1,1
1hFGZERmXnX32CFpeE0UAv,0.43559418158946445,1,1
7zv0i1f8kTy8hPapkm28kz,0.656972954332298,1,1
6NCV0sYDUJVTK2Gr2AX7eb,0.8578536925619065,1,1
5ACZOGjT6I5He0pDZED56Z,0.12812366389108423,1,1
5opGmK7K08YA7zSmzCpG7S,0.005135456811732048,0,1
6Xa2rrTpSLkpx887Y115mO,-0.6221043992929636,0,0
1CbIkCtUEp69NiSjAe43WH,-1.615849112494128,0,0
5Ne1q9Hv3l2NHBA3Agt8WT,-0.3597295575236792,1,0
1620rCO9xoE7kug77sS4AJ,0.39049850566036864,0,1
49svgOKkm8D9u8RuQHdIW7,1.5834841143300835,1,1
3NaTMzagO4nwJVKL9tXcWm,-0.1916456745152312,1,0
3zZ009FB8sc8JghwVrbLFq,-0.44582130247922547,1,0
7i9763l5SSfOnqZ35VOcfy,-0.17114764000200586,1,0
7e0OGRhftSRlGcMW73PFId,1.7679664249491118,1,1
0lIuxHZkiRZBeKH0Q4q5Vy,-1.3805316762823014,1,0
6VS7wKwtvL2FvTupYSWZ9e,0.1322232707937293,1,1
69lbTYNxwof4CCUEpIONAt,0.521685926545011,1,1
4LaXv6ilq82AfWKEKUiyEG,-1.6150291911135992,0,0
7gRXgnx8qh6uJgdqOv9xDX,-1.629377815272857,0,0
5MdZOhx2f37BPtxaEn0F85,0.12812366389108423,1,1
1KMkcUvF7m3SDChDOa7i5L,0.13632287769637438,1,1
5vF8nrR4e8V8Rj2itbrC9B,0.00923506371437712,1,1
1YT2jbHmwiYLi2qxRF2F2f,0.5052874989344307,1,1
24zaoEGmRjgA0zt47uLgRF,0.2798091192889517,1,1
27fMPdnYNuuFuSQrUNJkqj,-1.0361646964601154,0,0
2USlegnFJLrVLpoVfPimKB,-0.12605196407291006,1,0
6fvIzrJ6boUDFF19fH4S2s,2.009843232205171,0,1
5nHwX7e5XHnie22nuTFgda,-1.1058580138050815,0,0
5yvo81JZBSjOxHmytmTWYm,1.0259375755703544,1,1
3D7Q4I4j9MdIkfrWXkXDnQ,0.7102678440666839,0,1
5NSr0xa9Qf4J8xKzDnC0uq,-0.6303036130982536,0,0
3RqU6RJ9TiTN0AAGiaq7hR,0.7348654854825543,1,1
1GelvXCuNRJkSTV8UwAAGw,-1.620358680087038,0,0
0VbJRHJNv7KxfeYsNaFU8w,0.15272130530695444,1,1
5jQPDVjgSGnNYl8G3H3qul,1.620380576453889,1,1
2xhGZ3WzOa3tir28y7Cb88,-0.10145432265703984,1,1
4IlqQhaxrGPxmg35YcXXuS,-0.6303036130982536,1,0
1pNIbZ1F7CJmk60h6UJaVg,0.48478946442120535,1,1
5jZoYp0P8ML7AxkS3tQz3j,-0.7573914270802508,1,0
44vJetDdcFOhZhgpk69P41,1.2145194930920273,1,1
19I9rURZV4nIGyutPTyaNL,0.9193477961015826,1,1
2oNYsdCasRRlz1shXFAz7D,0.18141855362546994,1,1
0CU8mA5QPhbPh16BkNSxYf,0.296207546899532,1,1
28Jp7gcgysBhWZJ9mnXEYd,0.5011878920317856,0,1
5Rn1DPzSzUktbhuNDDJocS,0.5585823886688162,1,1
3Jw15mUi470MLV3fFEWoSc,-1.4559644432909706,1,0
4jgF1sLf3TkQbZkLHsc6SI,-0.8557819927437325,1,0
7JBWagcdXEX1dDZTCKUo7R,-0.5032157991162565,1,0
48q7Pc3Zm2nPPVJPsfG30B,-1.2001489725659182,1,0
5iUDtMzFSCDLbft1jzSmX6,0.9890411134465488,1,1
4D7ERaKgv8NAeck8RzUtRz,1.8622573837099483,1,1
1oFeXti9EanzUrHvWfRrfJ,-1.65602526014005,0,0
45Vpdt9PsJUTyJ22qZGdSE,0.9234474030042277,1,1
1zkXUXNHpYQTcXZAaZbeEp,-0.712295751151155,1,0
7cVe3mYMIfhOlz1NXFWv70,1.005439541057129,1,1
1wYdWiqpdr8OvyRItGGLFM,-1.0525631240706959,0,0
4a9tbd947vo9K8Vti9JwcI,1.5137907969851176,1,1
76c4KOymiPUkWEeIIc0DQr,1.2104198861893822,1,1
4TDTRgzJZ64XYfF8FEgMD3,0.6282757060137825,1,1
6i71yrjuQ9f1zUSVfEChem,1.5588864729142131,1,1
12VO2nlF0uy12Jyf9K4a8U,-1.1796509380526927,1,0
0LcNMuOiULmxJK3bdHTfDF,0.3986977194656588,1,1
0nhC02p9MyxtON4vCOfJ1v,-0.10965353646232999,1,1
6YD9XQ6woFtacq7kPCfEGL,-1.0320650895574703,1,0
3K8xkM4XtDBUQ84UOxwHMn,-1.399799828724733,1,0
10aTrQU19nqSN1IVahcg57,-0.5524110819479974,1,0
1L8H6AuK4TaMmolSL0N0mR,0.25931108477572634,1,1
5KocKlvTHArD4PQSaxuEZz,-1.0320650895574703,0,0
5Lu0vv78RmKZeBPpP1N8za,-0.3187334884972285,1,0
06zJUeKU5KFy50Cho6pDcr,-0.8106863168146368,1,0
6ZmtxXUXRVjxOhugKkmerC,0.5667816024741064,1,1
4WQJPsbGOdqe24mUVHa8xb,0.4888890713238504,1,1
5BDZ8atcxq0QHGn66YwTwh,-1.1591529035394674,1,0
0WHi11uzahqpEtPGYCW6oQ,-0.10145432265703984,1,1
0UFDKFqW2oGspYeYqo9wjA,0.6651721681375881,1,1
05PuLrZEuOdUfhVEPw13h7,-0.27773741947077774,1,0
2a1o6ZejUi8U3wzzOtCOYw,1.8212613146834977,0,1
7tUToegtVh5dodpcqaYrHo,-0.8885788479648931,1,0
6wpx4u1PeQlXEvZMPQ49sU,0.7840607683142952,1,1
1lFYLO1Pr3EbkfsOLPlLUL,1.66957585928563,0,1
6YuFv5d7iGeNnFMu6xphZl,-0.044059826020008824,1,1
6qNALlmZa1ESnCxJmXE1K9,0.8537540856592614,1,1
33GiPCZF3WRncZ98s1zrmM,-1.5846921000340257,1,0
0PJIbOdMs3bd5AT8liULMQ,0.6979690233587487,0,1
0zLnAV1lYEhVnKk3ITmCym,-0.056358646727944044,1,1
1EoC287STxjC9HNNtRj1kv,-1.6347073042462954,0,0
2ENexcMEMsYk0rVJigVD3i,0.8373556580486812,1,1
06kxa3al7bUqRRo5nAFduZ,-1.1140572276103717,0,0
3tnfHy341CDlAtcSmUtuOG,-0.531913047434772,0,0
0BZY839qKXibapu4S0GYE2,0.6405745267217177,0,1
6wZIdyBnKKtntqY6PVCkRu,0.3126059745101123,1,1
2fVHrSxsQbJUuj9MW9zG1e,0.16911973291753474,1,1
3As49dIhYQCYViJiaxR4nF,1.3129100587555091,1,1
5p9Kpm35be7uMvfgcHbagS,-1.6195387587065089,0,0
0qXP5fMhxGzxALOkXYUxfP,0.2675102985810165,1,1
0CJuLeZpCdqrqoCMXWZw8k,-1.3149379658399802,0,0
5P8lyudWE7HQxb4ludLbEm,2.079536549550137,1,1
51P3NaXFY36BR7d52fh03Y,-0.892678454867538,0,0
43SWVKMD9mVUAwx8pkmWbV,-0.28183702637342284,1,0
4rfaoyaZvNa60cj3OKSQV9,-0.10145432265703984,1,1
01BAqbwhOPGJZ6chBlLUOx,-0.5893075440718031,1,0
0Lzb2PRMMbE7Mnp3pfqWmk,-0.5647099026559326,1,0
374x1VaWkYVtPHVKLxTDR1,-1.3272367865479155,1,0
0IrtQ83z9jylZaLEJK2eoy,-0.6426024338061888,1,0
1u24Ut4Enu0OeMmeB2a4wq,-0.4007256265501297,1,0
5jbk17nRpXXvzGXPXjm3uW,0.603678064597912,1,1
5jbk17nRpXXvzGXPXjm3uW,0.603678064597912,1,1
1vvNmPOiUuyCbgWmtc6yfm,0.41919575397888414,1,1
1gekzL984xr4fbxVgVGQhC,0.32900440212069254,1,1
3w5vlSMaHqo0QQyqsSxGjT,0.37410007804978834,0,1
3gahizdt1kEi5ovjCn6eql,1.0546348238888694,1,1
6W4gN6gKT1FVAptTGJ6JJf,-0.26543859876284254,0,0
6f4itfvWzS59Qu7JWorhxn,-1.413328531503462,0,0
6PmhCEPMjhSo9j8hz767xy,-1.2288462208844337,0,0
07fbDnkKdZGk1gLvknxrns,1.2965116311449287,1,1
55H02yyv7Vad1LFg3kmnVB,2.132831439284523,1,1
3XA0msNCCQysLnspbnbgw3,0.39459811256301375,1,1
1gk5o5yEXAsHeXMJoavmh3,-0.0030637569935580977,1,1
3MrRksHupTVEQ7YbA0FsZK,-1.0074674481416,1,0
3rluBRCtJsRonAIfcERFOE,1.2760135966317034,1,1
1STwdocp5GlE0aLPT6CaJ6,0.5175863196423659,1,1
02YuLkTLNkOzKfl5Pmvs2S,0.8209572304381009,0,1
3bnVfVpwui6X1yfvVMPTxE,-1.628557893892328,0,0
7rrmHHc1kY9vkIZnXrcH7T,1.5178904038877628,1,1
55KvkgRT9fqmQxqqPuaRJX,0.46839103681062505,1,1
4wIWWEhbdgKAxhR68eE0Ye,1.841759349196723,1,1
6YnthMWv62JY3ka2YAvCCh,-1.068961551681276,1,0
6buHoQU9OTdbJrAuniVwGL,-1.3436352141584957,0,0
1f6zTjO9xqaRRbs1p9H4r6,-0.011262970798848243,1,1
7vu0JkJh0ldukEYbTVcqd0,0.0871275948646335,1,1
6cTf4j0l9SuEueoqJPw8NE,0.00923506371437712,0,1
51DZ0wUocQ8sQfjnibXVcD,1.5711852936221482,1,1
2QODKgWA0HSrtUsCOp18VY,-0.5196142267268368,1,0
6stz3k0zIIAmJ9sbjdaDj5,-1.6084698200693672,0,0
6UlwiHrZ6bDGDVhBN35hNP,-1.3108383589373351,0,0
5LEHlRPjGcZ5RdagAwXpHS,-1.5359067778925495,0,0
4n7jnSxVLd8QioibtTDBDq,-0.5606102957532876,1,0
1nHPM4cx7QvCaFakEPMsho,-0.31053427469193834,1,0
7EhrDmXMFO3CzMwyJkKGXF,-0.22444252973639178,1,0
7D4ubFvb2Z750JEvRy4rS3,0.6323753129164275,1,1
4DERbz1e89YD9VZt7or9GB,-0.5401122612400622,1,0
2WQphuGZM7glstWmTxWboB,-0.7450926063723156,1,0
75ZvA4QfFiZvzhj2xkaWAh,-0.585207937169158,1,0
5At5h5TX0QVEqVh32mUrtk,-1.6178989159454507,0,0
0P12cJuSZxDM7M0nXsqTgA,0.11172523628050393,1,1
1RKgTID6LoCDMvXxX70vyU,0.8496544787566164,1,1
1L0vIfsP5YzIrPc9sByRgI,0.48478946442120535,1,1
74d6TJmbOtWswxvbQ3m1eu,0.115824843183149,1,1
5IdrsGhB8D7RwNwGra9V6i,0.1568209122095995,1,1
2mdrtXvSCmae0ylontlLfD,0.8742521201724868,1,1
1eCTQhsNA31FcwyNcJcf86,0.30030715380217704,1,1
6K30vTgYqeIbC3Nw8Lvj0D,-0.4950165853109664,1,0
2vWBUC9djv6BtiGlmKiQaH,-0.8434831720357973,0,0
3xXBsjrbG1xQIm1xv1cKOt,-1.0812603723892111,1,0
0yzj6eBs5a6X6d3P5qaQ5J,1.136626961941771,1,1
4WedBZTeFawYCBCgfj36iK,-0.8762800272569577,1,0
3SrSjUKxAJ6Cq1vpe1mqCZ,1.0505352169862245,1,1
1H3Q48ARz2ZEwbOl6s53Mq,-0.7819890684961213,1,0
7GE3LwWzboPaTN0TlDcPs1,2.186126329018909,1,1
72ttefAFBYvPRDNaSzNQos,-0.7573914270802508,1,0
0XhFy7NAFb8b1grm26Xwh2,0.2306138364572108,0,1
1fC0uGs48Sb7GLioUe0tN4,0.353602043536563,1,1
7uSZPbd8DxdkmSauCKnITY,1.612181362648599,1,1
2nDPchYuJAnBX7O1o5Co1H,-0.17114764000200586,1,0
5SqT9kgeh2qWdLPNr29qaG,-1.615849112494128,0,0
6NBP6H1F1L5THU7DFoCNgU,0.4314945746868194,1,1
7EWMUJJiCyFSiQSWeU0fPo,0.9808418996412587,1,1
04xNaTR4L77cI1rGraG0yG,0.27570951238630664,1,1
2qCHdgKYczww7OajnuU2Tc,-1.522788035804085,1,0
36HA2woC1glnLa4vqWY3IC,-0.6958973235405747,1,0
3Zw4oBI28zPc1pAQJ5RgJV,0.9357462237121629,1,1
6Ac4NVYYl2U73QiTt11ZKd,2.0467396943289766,1,1
4yyX0nJqMpqaubcGdGsxx9,-0.3638291644263243,1,0
6kIivltIxJscvk682sTXoV,0.9316466168095178,1,1
0CdgB6CDmrDnWhhcGpfdrp,-0.19574528141787628,1,0
5Oc7VGoYNOqSCEPyTHGUio,1.1817226378708667,1,1
6b91wpYnMibTzNEFOz2hs0,0.8619532994645516,1,1
78UebmUUgYn2F5LwIzgRMO,-0.37202837823161417,1,0
03eJ2DclFWXYU8GWgANdmZ,1.2801132035343485,1,1
1tKhy83q8OsdcpZaX9N4Z2,-0.3023350608866482,1,0
3WDIhWoRWVcaHdRwMEHkkS,0.714367450969329,1,1
4P2thFDOvuO497xWkyPUG0,-0.7163953580538001,1,0
4qu63nuBpdn0qHUHuObEj1,0.8332560511460361,1,1
3ILnOG0UZAtf2AtxiJ3vzT,-1.6289678545825925,0,0
2zKGBzm03BqPDszKUX2wqT,0.5052874989344307,1,1
20PbUoGyGk7jJgLAgqlauh,0.32080518831540245,1,1
6bWp6koT8nuANBLyyh20gB,-0.6057059716823834,1,0
48CKzGWOC65n8a8kdANJV8,-0.1916456745152312,1,0
0GQqQ7dA7B4mcEktSZaOUp,-0.5155146198241918,1,0
75ls0gurX68lUmMjE7QcsE,1.1202285343311906,1,1
2zbjlcLi1VQWqDNYdhyx1l,0.9316466168095178,1,1
4ylWMuGbMXNDgDd8lErEle,-0.13835078478084528,0,0
5j8xLQBvlVvTfLUDwyQX5S,-1.2165474001764984,1,0
4inWxO0vnDzZsq32p0cHJm,-0.5893075440718031,1,0
5ZSl6gDoV6bPPxzmLeneV9,0.9070489753936474,1,1
53zw51qaLzcX7kOTlUqAqG,-0.5647099026559326,1,0
60SdxE8apGAxMiRrpbmLY0,0.5790804231820416,1,1
2PnZshFzhKj08VNZcbqpGf,-0.6221043992929636,1,0
1oVrNSqi3Xnh4IMEE8Uvgv,0.46429142990797995,1,1
1I8tHoNBFTuoJAlh4hfVVE,-0.0932551088517497,1,1
4hMReJho3x1AuxXbpzy4mL,1.0915312860126751,1,1
1vvNmPOiUuyCbgWmtc6yfm,0.41919575397888414,1,1
2vaa0nnDnNTlxCh7fCmjsr,1.2063202792867371,1,1
4WedBZTeFawYCBCgfj36iK,-0.8762800272569577,1,0
49GFP1sA528wDMaDdQgwLo,-1.302639145132045,1,0
358jMpTqOfIOYjpcg2Ig2j,0.5380843541555909,0,1
44VYdLnwvhn1H1cfieb84a,0.6897698095534585,1,1
02euTcoCdu3gvfF6ArEvZU,1.567085686719503,1,1
0hDIl9KjY96g5tNNVxvg3a,1.7023727145067906,1,1
6L9vUQRiVybGvtAatCdRhw,-1.4371062515388033,1,0
2zMsClh8Mdkpg7VxmJrjPb,-0.2695382056654876,1,0
1KZdjjacrSqh6j46nn1Wgk,0.8209572304381009,0,1
5YHf1xeZTq9SZXgNxEt5BS,-0.30643466778929324,1,0
5i7fZq3chLyCHo3VeB6goD,0.4765902506159152,0,1
4j6SWr1NBf2RvyF4hbToPd,-0.654901254514124,1,0
2b2LUjMx9LKwIARJf93Rbd,1.1202285343311906,1,1
15kWo1IAEPP3EzZfe4pae1,-0.712295751151155,0,0
6oEFRBgGkATGn8ZpQ0TTdl,0.5093871058370758,1,1
2tkj1EXX7p9sWmoycuiS8Q,0.8578536925619065,1,1
0pzGsgrMvEtHZW6XzpY6Cs,-0.7532918201776058,0,0
0IXjyCWomNob8V0txFuXXw,-0.28183702637342284,1,0
4G8gkOterJn0Ywt6uhqbhp,-0.8106863168146368,0,0
78dtqFPt7cvYgS2zTXtZKV,-0.4007256265501297,1,0
1SN1vSPsr4V4tIUTR3s8YW,0.46839103681062505,1,1
633hkcsGdlrIDigR9QQJmv,-1.4867114950608087,1,0
6g5qyQrAcoBX4X7XjxBoTO,2.0385404805236864,1,1
5m3EiF9WJgMV1hlBzUncPo,-1.5375466206536075,1,0
3RHJkHFM56wzUpcU7W9ovm,1.4358982658348614,1,1
5nTGyhsQmk8NHlg71ZEmmo,0.5626819955714613,1,1
6JyuJFedEvPmdWQW0PkbGJ,-0.5565106888506425,0,0
6pZZi5sqpjv4HcUnyuk4CL,-1.474822635043138,1,0
3zZ009FB8sc8JghwVrbLFq,-0.44582130247922547,1,0
0OlnLZY4cmQzT6ZGttvWBM,-1.245244648495014,1,0
0xJLcjd0gaZct43xG1UlXS,-1.6211786014675669,0,0
0wQwka6aD8i7gyhpGFNHLm,0.8168576235354558,1,1
5DyYcwMw0f6z3FefXNLOHv,1.3006112380475738,0,1
2Fi9ToRsQ3RmhPQbzCXHFa,-0.5524110819479974,1,0
32ZP0YJyDzmDimZivZfXvw,1.2309179207026077,1,1
0OLWYUpvxIMWkQtFXKfZ82,-0.18344646070994106,1,0
3N4DI1vuTSX1tz7fa2NQZw,1.4072010175163459,0,1
5DyYcwMw0f6z3FefXNLOHv,1.3006112380475738,0,1
2jm0S3dMxpAz5H59z4lOJH,-1.5490255199810137,1,0
58UAMJ3Chih6iqf7wSabfs,-1.2411450415923688,1,0
2hGQDYmjkwTS0J7Q2bM2sF,0.9644434720306784,1,1
75iJMOH4oBobiRiBJVdw2m,-0.531913047434772,1,0
1xnsTtYlN5GYO30FqYLG1i,1.0669336445968047,1,1
7rl1z4j7MurMDnn9rHh4M2,1.562986079816858,1,1
5VvUxoP2bKyps8sroie6T1,1.1161289274285455,1,1
3sh6MqniNq9Wk2Cwqjc1oI,-0.30643466778929324,1,0
3UmaczJpikHgJFyBTAJVoz,0.30030715380217704,1,1
4ymD0FxX1fnWszSu9rMAtD,-0.32693270230251864,1,0
2Q1SiJPkIbczE1uZPCw17g,-1.3911906542291785,0,0
25TUFRhTuBOXdc0N0fGsQH,-1.3313363934505604,1,0
76OGwb5RA9h4FxQPT33ekc,0.37410007804978834,1,1
2nLtzopw4rPReszdYBJU6h,-0.7819890684961213,0,0
2374M0fQpWi3dLnB54qaLX,1.2227187068973175,1,1
1uzkWkIaWaxzHJgJ4Fy5rO,1.2432167414105428,1,1
2WhPr6ItNCXFyFkWxBTnY4,-1.5543550089544522,1,0
4LyIHEDbAWDeKV0JbVZae9,-0.5155146198241918,0,0
3GrTI5vAoDD3VE24VTBJAc,1.567085686719503,1,1
1CbIkCtUEp69NiSjAe43WH,-1.615849112494128,0,0
42xlGkV3dKBi2mzPdCDRfT,-0.3638291644263243,1,0
1scGwkyXNCl19wrBDhnAWg,0.7922599821195854,1,1
6r3duEAfFTH83DuoywkG20,-0.7901882823014114,1,0
5VnejRpSUcb3LQootEXzJh,-0.654901254514124,1,0
5Su5ILFp6U83cnIXwfmlC5,2.136931046187168,1,1
40x8vMUHIjqd2A5EtHEvAb,1.8212613146834977,1,1
2p0SmPbFXRfJAU9EYqaNX4,-0.21214370902845658,1,0
6zgim8EKk5KPppk9phbjyt,0.9931407203491939,1,1
4jCA5lFRXy7PkryLP7UIc8,-0.2531397780549073,1,0
3QGppKBPd9gHOgHJzRbVIw,-0.2982354539840031,1,0
18uwL0vNUanqZH0ro2QcOP,0.714367450969329,1,1
4vQ0PCcy5uPJBgLxCKarKK,-0.21624331593110166,0,0
4bz7uB4edifWKJXSDxwHcs,-0.28183702637342284,1,0
4A9dJIJTDQZzkpIUqyUSxe,0.18141855362546994,1,1
5WBnKCEsPwsvWHUZmLjS3s,-0.15884881929407063,1,0
5TTXEcfsYLh6fTarLaevTi,-0.8475827789384422,1,0
7LHAKF7pBqHch8o6Yo0ad5,-0.37612798513425927,1,0
6ixdUoTo8A2lXWVepTZnVA,-1.3231371796452704,1,0
6RDprVH0kpTInb9gCjsjTj,-0.16704803309936078,0,0
1odCtMNDKel26lcjCtM5FU,0.7881603752169403,1,1
4JzJihuvIlhaYqSUNNJGBl,0.6815705957481684,1,1
1sSoit5O9E8AZR7fbR1xAv,-1.5855120214145548,0,0
3lEqXRwPi98ZvKm5bsZTGi,-0.22034292283374673,1,0
1RdykyqZss4snJH9e58CQJ,0.24701226406779112,1,1
7BsufIB8xaOWGrRoafeGKx,-1.068961551681276,0,0
50xbq5Z0N0W43eojJgeRLj,1.3375077001713795,1,1
2ihCaVdNZmnHZWt0fvAM7B,-0.06865746743587926,0,1
66HNv8qd9jr7q5P9nNTOOZ,-0.7491922132749607,1,0
6LxK2qgFfhulANhRHLBaDj,0.2183150157492756,1,1
4LtSTc3xANVhYeeN69nscM,-0.06455786053323419,0,1
4uK0M8AI6gyFmyzUneQpbi,-0.7778894615934762,1,0
5sTC1imYc0QzNe3i5snLy7,1.9647475562760752,1,1
3G1Zpxk5suXASMAYITJHXJ,-1.1755513311500478,0,0
1Mse9NKBbEASi50CQ4aYhr,-1.3731523838575401,0,0
2x7MyWybabEz6Y6wvHuwGE,1.2760135966317034,1,1
4dtbiF6lWfo4rILiNjBRP7,-1.1632525104421125,1,0
31phvnfUfwzi0nf3dO814j,0.886550940880422,1,1
426AYnTtUOmX7Km14Ghvsd,1.9934448045945907,1,1
2UXqAinFTSFA3Y0nlWPHQn,1.837659742294078,1,1
7KXAgGAHEB1Ny89pL6eEA0,-1.011567055044245,0,0
4x5YzxjrF9wvIIXJV7TveC,-0.5524110819479974,0,0
2B5dtoZSd6jG2bO9fa4uiv,-1.2821411106188196,0,0
3pNxVP6r45iUho1uxEYdj9,2.153329473797748,1,1
38d4B9WJgChfwPvUXAhedk,-1.4637536964059963,1,0
7ATSQzPQQQNiuCycVnOrTi,-1.4522747970785899,0,0
2AnMndnV7XFk3VuuCPy6Zk,-0.7040965373458649,1,0
32il27dOrLpIru8Evp4Pu7,-0.28183702637342284,1,0
4xwcjhQKYRJX4yMcJQDivh,1.36210534158725,1,1
7mfvOqsvzZaUl7sfbcNk4E,-1.2083481863712084,1,0
5Nu5Uyoauauy9LFePYL1Z3,0.001035849909086975,1,1
40ChhbByhzoIOs6NzSIT3n,-0.5565106888506425,1,0
6uHuk7MrwQSAc98f0eNrWM,-0.9172760962834086,1,0
2Z8yfpFX0ZMavHkcIeHiO1,0.4724906437132701,1,1
3PV8uIQnxD4Qiimn3x6PVr,-0.7696902477881861,0,0
3LlAyCYU26dvFZBDUIMb7a,-0.02356179150678346,1,1
3lI0MAMwOYgS101HNrvTu0,-0.42122366106335507,1,0
7lozLnUfzcgEpMMVQI7yhA,0.43559418158946445,1,1
1HimGOB6BjOaCQYMIF1xtU,-0.2695382056654876,1,0
7aSvPfoqiM0zwPqupLGaHd,0.8742521201724868,1,1
185cmBOExC1AHWe3xrbmQ8,0.05023113274082785,1,1
66hayvUbTotekKU3H4ta1f,-0.9705709860177943,0,0
1inAIGub1bVFLUMFkoRVBq,-0.4089248403554198,1,0
3fCpTMcx08K4ML0zEJ1t6c,-0.24904017115226224,1,0
4B5GVnMetfekXDajAgMSFy,-0.7491922132749607,0,0
0XKNeqi9C7bTUFOC0vQYwR,-0.8885788479648931,1,0
2alc8VZAzDgdAsL2QMk3hu,-0.654901254514124,1,0
1j3SmM9Z34uaIbiMr0yWOQ,-0.38842680584219447,1,0
4gwF1NiLbZl2uKJDS3AX9O,-0.6958973235405747,1,0
4tiYkAFS1blxUy85lYhPfu,-1.6191287980162443,0,0
1Pn56GdZ3t4dvSl3yRJHsS,1.624480183356534,1,1
4VFGpluBaU1WcquEMzhSz6,1.8130621008782075,1,1
5aXgz1oKK8Q9z9xvTmSnrO,-1.6183088766357154,1,0
5sNESr6pQfIhL3krM8CtZn,1.3006112380475738,1,1
0v9Ud7xm4hiYEFu5nKcYzC,-1.6146192304233347,0,0
6rbnauS7WjniN8vbV4tTkQ,-1.0812603723892111,1,0
6TClJ8jXi3OBV7gcrU3jx5,-0.5524110819479974,1,0
4ewiHg0NkG36ky2JT3OwiB,-0.0030637569935580977,1,1
0WCiI0ddWiu5F2kSHgfw5S,1.2555155621184781,1,1
5j4hgym3SUadjFieaAIVw0,-1.4670333819281123,0,0
34ZfAjSGM4vxJ1P6N5geSp,-1.302639145132045,1,0
1psGGiX1fu4fRuyh8Pj2Ii,-0.474518550797741,0,0
0Hi7B2lRZ2wNjmnDjPjh3D,-0.7983874961067016,1,0
2nkoWsTZa8LKPNGdjI5uxj,0.997240327251839,1,1
24u37Wx6wCOeBAi8g203KC,0.2634106916783714,1,1
00JzUNcRdhoALWUIiK5UnA,-1.3231371796452704,0,0
73AgVwYUEPn9kB0a97b4LW,1.9647475562760752,1,1
0laYHRpNTS6i8FXdupHkJ4,2.001644018399881,1,1
2GwrpOf0jMPtijdw9qwpXe,-0.3597295575236792,1,0
1guPCVBMmglx2m1DM0xOBu,1.3006112380475738,1,1
6PIzu2vfSLvgS7yWQciHtd,-0.9213757031860536,1,0
5sTaIoZeviNS0ZIDYWMNpT,-0.5893075440718031,0,0
5sTC1imYc0QzNe3i5snLy7,1.9647475562760752,1,1
04sN26COy28wTXYj3dMoiZ,-1.3190375727426253,1,0
6cMswWRv4lAU3mh5lclgCc,1.8540581699046583,1,1
4s5MyMeElBghgUmSihtic9,-1.6174889552551863,0,0
35IcAVSMsU9qzHfpPbvC8A,-1.056662730973341,1,0
1F5A4LpF8ylUVtPoMAvNvn,0.04613152583818277,0,1
1PCvKFPWnTXAe2oaReVUcr,0.546283567960881,1,1
3NcXzMpghTzgtwNZv2xWLe,-1.3809416369725658,1,0
2gsNpSn7VvvJuSrIDfRoYy,0.8537540856592614,1,1
7CH8J4ulT49UfZwSDSkSZA,0.07892838105934336,1,1
7sxiJ4a8uROYMvhkgGbQcK,-0.8106863168146368,0,0
6buHoQU9OTdbJrAuniVwGL,-1.3436352141584957,0,0
2ChOMSamIbDfZ4lA9yAiRA,0.18141855362546994,1,1
3jH30PGXQDOx1VP9nL75lU,-0.9008776686728283,0,0
4zds6sf1ULkuri7mpEjDZb,-0.7204949649564452,1,0
4CxFN5zON70B3VOPBYbd6P,-0.9336745238939888,1,0
1wsZ0cp5He4Wm4yohNjwIs,-0.18344646070994106,1,0
58qO4dGa5SgNdtvqvpewyz,0.16502012601488966,1,1
1aL9518P5G72N92b48tuKw,2.1246322254792327,1,1
3APdIdF8H0jsxSuGOqXedS,1.7966636732676273,1,1
0mFM1XxrkVkKTmuzwwa2IO,0.943945437517453,1,1
7EZC6E7UjZe63f1jRmkWxt,-0.4991161922136114,0,0
6N22FZs2ZhPBYi3b9XPajV,-0.4950165853109664,0,0
7AlaXfx2sqPDyv5iTnVJVf,0.21011580194398546,1,1
4HOg84QsolNLzNp08qZ3sX,1.1284277481364808,0,1
4R2kfaDFhslZEMJqAFNpdd,0.48068985751856025,1,1
680V5vxHWn2D11Yws0e12V,0.042031918935537704,1,1
0Eqg0CQ7bK3RQIMPw1A7pl,-0.9951686274336647,1,0
4C5fSZKKkjqjfFfHkZIKSm,0.6200764922084923,1,1
5BLRlpMYsxeMMOjrcWRhIs,-0.10965353646232999,1,1
4sFzAOD1uiP2Ww5XA1OHJf,1.886855025125819,1,1
5kzwRr1EKDrupiOySWTgTc,-1.4198879025476938,1,0
04wmRKlU8lSjmYql1mt052,-0.015362577701493315,1,1
73EsHhc08cXEArCla8FEqr,-0.06045825363058911,1,1
0FOogWUS6y2pv3OjAcu6hO,-0.6221043992929636,0,0
4dq7XLDmFHNwc1yqL339qT,-0.29003624017871293,1,0
3bDVKF3ZSuFW2gKdPNhkjS,2.1738275083109735,1,1
2bxY1baYlyXNzmjOkFvqId,1.8909546320284638,1,1
3ILnOG0UZAtf2AtxiJ3vzT,-1.6289678545825925,0,0
5aaXqH8rgKZxg61HjECldi,-1.6191287980162443,0,0
6NwEpX2JUWHVKWfDDfcqC4,-0.5401122612400622,1,0
5zxZ7M4RgWZUHlMEwac8vt,-0.15474921239142556,1,0
6fhG2KJgwO7CrNflRaRmvp,-0.7204949649564452,1,0
5gGhu72GjMKwzGszk8Ded8,1.8663569906125934,1,1
33rgbtANRcWVHc2MwCuIgA,-0.22854213663903686,1,0
1lcTe5gJ7MRlcLOv5BODr6,0.8127580166328107,1,1
35JqhVvhuyBoPLLUY8Klqd,-0.8065867099119917,0,0
6potEImiklXkwD9qFzpu15,-0.9705709860177943,1,0
2ujZhRfx9hPlqaSWyYtPyF,0.40689693327094895,1,1
042Sl6Mn83JHyLEqdK7uI0,-0.9254753100886987,1,0
5G7pZ8G8NFvS1MQ9H4L7dC,-0.46221973008980577,1,0
2wwx1g1SbQomP46X4qOZhU,-0.8024871030093466,1,0
7HSRAgn32twkHnYAwE1KQB,-1.30673875203469,1,0
75NhhYjHO43mvZgYtnXgti,-0.6631004683194142,1,0
5yksRgkNOT7BP5LPsVkBnZ,2.190225935921554,1,1
1yxO5CmOSNFq600UkDiPMn,-0.23264174354168193,1,0
1MhHomaXgrPMBroXkpWSSa,-0.49091697840832127,1,0
3T56drS7FjnZgGcOAHlXzx,-1.1591529035394674,1,0
3PqLgEajwUigmiLmWCqZij,-1.30673875203469,1,0
12i8BdLiiYBLLoKijja3O6,0.6364749198190726,1,1
2kS6td1yvmpNgZTt1q5pQq,0.2306138364572108,1,1
0UZLaEOSIc5kg0cc7eszqC,-0.2695382056654876,1,0
2wXioTynVwrEWYRv6R6vEj,-0.3597295575236792,1,0
6b0LQgGTU1jk9bsVOxJpjx,1.886855025125819,1,1
4C8yVZNQ6DWv2IA9dm4yeY,-0.8516823858410874,1,0
5sRhvZsziEsaH9aRVnlabb,-1.631837579414444,0,0
3yZueO8TUXxGNettYqIRKw,-0.8229851375225719,1,0
4HOg84QsolNLzNp08qZ3sX,1.1284277481364808,0,1
77GXioLcswmFLd6wAqN2Eo,0.32080518831540245,1,1
5GxZOe2B3P8hPeaHiDfP3y,1.1038301067206104,1,1
1s86nOhD2gWQ4Ii7ua5jOu,-0.5114150129215467,1,0
3gVV0DGSBD2XKsNXqzTb2r,-0.12195235717026498,1,1
1718OP6tEungb83wOs5Usl,-1.5354968172022847,1,0
3TwgZ3wCKwObhP8qNkbLYR,-0.4663193369924509,1,0
3EqkflivbF639pZxjyl7JN,0.7594631268984248,1,1
3pt2acuxLXvIGproniPoq9,-0.23264174354168193,1,0
3M0lSi5WW79CXQamgSBIjx,-1.462113853644938,1,0
14xj58ZexBaEaHARb11Cqs,-0.9787701998230844,0,0
6wYKL1vzI0Vwkkz4fS7ana,1.4481970865427964,1,1
2Oycxb8QbPkpHTo8ZrmG0B,0.661072561234943,1,1
4z8ka9il4sC6qhi2Fmenkj,0.07892838105934336,1,1
1AtkYADVXSwqRaDWbFNu3j,0.23881305026250096,1,1
3GTXok0dIm0mMqBiVklBYS,-0.33513191610780874,1,0
6v3KW9xbzN5yKLt9YKDYA2,1.2924120242422836,1,1
30CU4qvNUUtd8GN4zDV5Oz,1.3580057346846048,1,1
3afkJSKX0EAMsJXTZnDXXJ,-0.7532918201776058,1,0
4PveqlRhgkZWEeiwEaQ4XS,1.5055915831798274,1,1
1qFMIjTe9esCDiytqUY19t,-1.4768724384944603,0,0
3MWcUX999bO6D0AyDY64xL,-0.7450926063723156,1,0
5itw0WzsobhLXyxUuAj8OQ,1.2883124173396387,1,1
4N2LGoEJi3aGDgEAnsjtBz,-1.249344255397659,1,0
4JE6agBLHGA5TaF6FlqfBD,-1.0402643033627605,0,0
0KKkJNfGyhkQ5aFogxQAPU,1.7474683904358863,1,1
5MdZOhx2f37BPtxaEn0F85,0.12812366389108423,1,1
3EtyEzMpfKSaoVhPunvbRV,0.10762562937785887,1,1
6awI76zlVfh9xM4YBEnxnt,-1.4945007481758343,1,0
0sfdiwck2xr4PteGOdyOfz,1.5916833281353735,1,1
01TtrmZEiYitpwDUcPQ6dj,-0.4704189438950959,1,0
1brqrwappe4lTVfhBYlojf,-0.7450926063723156,1,0
7bp3azwVtfVskzqsvKEk3T,0.6200764922084923,1,1
5NG9pVD8oClwcxeIHNXpBd,0.2183150157492756,1,1
6UelLqGlWMcVH1E5c4H7lY,0.5052874989344307,1,1
68XhCrBajUR64h6wv4eYYW,-0.03996021911736375,1,1
67D8ngcxE1eHpD9AZxJfth,0.6774709888455233,1,1
18asYwWugKjjsihZ0YvRxO,0.12402405698843916,1,1
5r43qanLhUCdBj8HN3fa6B,1.3949021968084105,1,1
17KJtuPACSBQUNc5XBtrFG,0.4314945746868194,1,1
3MDDVmTbdgTdlpPu3MFdJx,-0.3597295575236792,1,0
222dTwr5XeEgAzEtsrQA0R,0.07892838105934336,1,1
5BPnAI8n5mzIX48ZkXcMkl,-1.449815032937003,0,0
3BCFBzaTVFWIwlp2dAaD0U,-0.24084095734697208,0,0
0BQ4zIMESy75Qf2HeMi4ds,-1.4371062515388033,1,0
691DKk2mvknCGvaQD4OTyD,-0.08505589504645955,1,1
7fyIuR4aaWb6iltlAoSkxF,-0.2572393849575524,0,0
5BPnAI8n5mzIX48ZkXcMkl,-1.449815032937003,0,0
2hSPUp0RfF1j0pTWGpGADL,0.8414552649513262,1,1
5OYUtKjALXnNjXRwTVStCK,0.7102678440666839,1,1
5yRioeAmKv3N7fBILripee,2.161528687603038,1,1
5GorCbAP4aL0EJ16frG2hd,0.16502012601488966,0,1
7fClofbhUwL4zyirAk4x3K,2.0344408736210413,1,1
38ywo4HXKHVuOyMUzpYu7Y,1.9647475562760752,1,1
2LskIZrCeLxRvCiGP8gxlh,-0.5975067578770932,1,0
7fl15uWBpbKrzrmEm48ZyP,1.4932927624718924,1,1
32P1387Vb7TuwbprjRmtQN,-1.4670333819281123,1,0
2kHrlDvECzPyjcbmSQNusl,-0.29003624017871293,1,0
6krYS8KtmNAYyb5uTZiYW4,-1.4473552687954159,0,0
0YNtAadZvKBBEFARtfoCV8,0.9562442582253883,1,1
4T6FWA703h6H7zk1FoSARw,1.7146715352147257,1,1
2G23H0snYYKYqRlyFvVObS,0.4437933953947546,1,1
7CO6OgDzLV3HQfyGxTtNmC,-0.765590640885541,1,0
0lx4lIIJFuml4T70332ZPC,1.9114526665416893,1,1
35r28RDot7nPE7y9K9H7l0,-0.8516823858410874,0,0
0nFVzh0z6TfWSBH2z8jqgW,-1.2001489725659182,0,0
35mvY5S1H3J2QZyna3TFe0,1.0177383617650644,1,1
0dw1QqaSB52Rhu42UorSmu,-1.0853599792918562,0,0
5uWUZQEP1TxZM2YYgDe3bu,0.9070489753936474,1,1
38Zs2b75JPNB2tS7O7JQnS,-1.4104588066716104,0,0
6k3XXCE1ZzwevQlxf8dNaw,-0.19984488832052136,1,0
5LnnbdVuYfZ5fkctilhQX6,-0.4827177646030312,1,0
1FXrYwvWwjmbw8cqFC1OWz,-0.33923152301045384,1,0
17opN752ZQpNuoptelsNQ1,0.9603438651280333,0,1
72NrNvwMEgs8m5eR7YAiDg,0.49708828512914055,1,1
5PUawWFG1oIS2NwEcyHaCr,0.9931407203491939,1,1
7jCSncvK7rzgYQehMosoM3,-0.12195235717026498,1,1
5FXMRdJjKq1BIX4e8Eg9mK,0.5995784576952669,1,1
1JDIArrcepzWDTAWXdGYmP,-0.27773741947077774,1,0
6c4XR6urBbWreT60gkWTmu,-1.3354360003532055,1,0
2Xpjglns3XSGYEEyomvbIk,-1.1550532966368223,1,0
1X1iC4xC5F2dQqlv8lauBI,-1.056662730973341,1,0
4RCpHnkhMmm67EKbI4aEO7,-0.6917977166379297,1,0
0BTaeWLnEIVTBHywLH5iR5,1.0095391479597742,1,1
3WALn4IKUl7FlXjBg228nj,0.7553635199957797,1,1
7loj0fBXhoXz80KVXAFYex,0.013334670617022194,1,1
3TcL0dyCMyr0kyTTc4NLgI,1.2719139897290583,1,1
5XND8aufA4UvtqAgARcjfN,-1.056662730973341,0,0
530P6SAf8fiolFiQsSqNer,0.2921079399968869,1,1
4faDlXyZMSxEuxBdd5gDIz,0.5872796369873317,1,1
5LuenPeo98IBXOUy8r4yC0,-0.6303036130982536,0,0
3Jw15mUi470MLV3fFEWoSc,-1.4559644432909706,1,0
55cwGtYrExG7slEAor5jeR,0.14862169840430936,1,1
3V5PkCdHl3g1w2uiimU0jT,0.005135456811732048,1,1
4N2LGoEJi3aGDgEAnsjtBz,-1.249344255397659,1,0
3D7Q4I4j9MdIkfrWXkXDnQ,0.7102678440666839,0,1
3r7W1Kne3d3KE1JPNYiFWm,0.1035260224752138,1,1
1byScELwcJffsdL5QWa6Yk,0.7758615545090051,1,1
2sJWWuWGTlxcMf3HDyCBzq,-0.01946218460413839,1,1
71VA9K04DjVSdXpHFqML2s,-1.4588341681228223,1,0
5pLkTFVh3u4aN2893yEY62,-1.130455655220952,1,0
6ZfsjLmyafNDKL2KvWmkb8,0.9562442582253883,1,1
2hH6W8txr9DvOOTEhjEzI7,-0.3638291644263243,1,0
2GnDvcAdzupWmp5ungDKa6,-0.6303036130982536,1,0
73EsHhc08cXEArCla8FEqr,-0.06045825363058911,1,1
0Z8N2t2ESzixtZAOOiQYEu,1.2227187068973175,1,1
3F7bhRhNpY4YKrwa4kGeUz,-0.24494056424961716,1,0
25hKDHLSeH6M4J47pMXu9T,-1.0156666619468901,0,0
5pfJsMwoRYKampPay8amX0,1.1202285343311906,1,1
4A065x9kJt955eGVqf813g,-0.5114150129215467,0,0
6wnMHTsBUPsiDoWB8LzYgT,-0.4950165853109664,1,0
49STsddEpwQEIEymiWjpQY,-0.9500729515045689,0,0
193Dm5SqYy3hTSbuzxbwKc,-0.6344032200008987,0,0
4rG7GtTipquzXDBHUcJQw1,0.3700004711471433,1,1
6ZxPYutGhjLTrcmvcshCa4,0.12812366389108423,0,1
1DwiuGq5AyDxjt3JZZCKxL,-0.1465499985861354,1,0
6eN1f9KNmiWEhpE2RhQqB5,-0.15884881929407063,0,0
3aj6KpLUGmAQRW12hb4SML,-0.1629484261967157,1,0
0OBdHjWWIKHNKV3IQzDEUB,0.8619532994645516,1,1
0QI75NHBAVISJRrlsujmP7,-1.3149379658399802,0,0
3iyfg1RwpatVcqfMshEplN,0.36180125734185314,1,1
6W4SftknKhWj0iFoHN7aYU,-0.2982354539840031,0,0
47BBI51FKFwOMlIiX6m8ya,0.19781698123605024,1,1
6fZpcVRr45Z6fLtciswBBU,0.7020686302613938,1,1
4jPy3l0RUwlUI9T5XHBW2m,1.2227187068973175,1,1
4id51jVx2qvG4dFis4sdyW,-0.7532918201776058,1,0
6b0LQgGTU1jk9bsVOxJpjx,1.886855025125819,1,1
3vWzyGTu6Ovo1GdrcJqH6e,-1.1386548690262421,0,0
0Hfah746oDkvCS7ySP3k1c,0.4765902506159152,1,1
3RLshk3cDQOqWhSIRCVaXL,-0.3638291644263243,0,0
2ToW7zhGCrVrLU4fiKj9U1,0.21011580194398546,1,1
6dkJvNZ7DJWzTFXv3KHmoT,-1.6412666752905278,0,0
5MRAX94xQvDWCL4M5zGN0g,-0.7409929994696705,1,0
4egJu5YVxCc23siIbkVEIz,-1.3682328555743661,1,0
1o5WgxPWvoVgo20DQItKOE,-0.7614910339828959,1,0
0spKf9fb4r51pXVWy2e8P0,-0.22854213663903686,0,0
7MN8RYSofZsFROBlEOAzXq,-0.6180047923903186,1,0
6V1bu6o1Yo5ZXnsCJU8Ovk,0.05843034654611799,1,1
0fCQRUbk8LIQTdQYGNtGyv,0.8127580166328107,1,1
12celVFt8zESBuWWD3Jm4C,1.4154002313216358,1,1
6VbmeIWTbNHM5uqoW7GTE4,0.8086584097301656,1,1
1oWnt2RJ2yC8kTkxLHcL1x,0.7389650923851994,1,1
34eF4BoV8FPk0uhAAoqU7h,-1.1714517242474027,1,0
2sVzO3L0fdOMVe8wVlM0IE,-0.7040965373458649,1,0
02euTcoCdu3gvfF6ArEvZU,1.567085686719503,1,1
5cOMFbzz2yQGFqnG8isqQc,0.7676623407037149,1,1
5fr1gqzvwrPrGS76ltBsFK,0.4765902506159152,1,1
1jq28NGw6wdtFKx8MBPy6C,0.6815705957481684,1,1
7qEHsqek33rTcFNT9PFqLf,0.05023113274082785,1,1
4j62Vgp82Zu4QRWfVmEoXA,-0.26133899186019743,1,0
5IV5Wh6hdncGcsnbVhhVug,0.3413032228286278,1,1
75ls0gurX68lUmMjE7QcsE,1.1202285343311906,1,1
5vo2ld9EHnnGdttmrlrs5R,-0.5401122612400622,1,0
5W3cjX2J3tjhG8zb6u0qHn,1.0587344307915145,1,1
2ILhVeTkbDAYEvesCCBsNo,-0.3187334884972285,1,0
7BYBFXptGL6IPWMN2fy0bL,-0.6098055785850284,1,0
4o74y4XY1ypNZkZtZkK8Wi,-0.26133899186019743,1,0
6XpVAVpg3PfxcoO0tUG8jJ,-1.191949758760628,1,0
2CEgGE6aESpnmtfiZwYlbV,1.567085686719503,1,1
6A7I3OLjNQNvDqFNaROKRa,-1.600270606264077,1,0
3Q5cLvkKsHJvYltf8k7HkO,-0.42122366106335507,1,0
3Oh97HVJWQRM3SKV3kmSLk,1.2145194930920273,1,1
3EqkflivbF639pZxjyl7JN,0.7594631268984248,1,1
3fZ31KU4L6HjkiFBVH7rz9,0.5749808162793965,1,1
3EfXB0To1zCbgDgPkSt9pR,-1.5293474068483175,1,0
7FIE7k6kKI6CGws3ofw8EL,-1.3231371796452704,0,0
2PPu55keSs0rAGs2RMsiEr,-0.8147859237172818,0,0
2FuB4re85DbgICpRi8IEEU,-0.44992090938187057,1,0
2Ic3ZpvOSXUsmXcIrFpwz4,1.468695121056022,1,1
7cHhpJV9fC2AqgdiLvq1AO,1.9770463769840105,1,1
59CfNbkERJ3NoTXDvoURjj,-0.827084744425217,0,0
1PuQTv1Kr1gzLgVeATSuh6,0.09532680866992364,1,1
1ZWLWVqeEMWMKTlteS0yLH,-0.2982354539840031,1,0
3ItKsz9kDS0GqNnJ2sZRm8,1.075132858402095,0,1
79npfYK6N5RnBc1jiaoHCr,-1.5457458344588977,0,0
7I5Io7uuk6kFvFe16Wm3xZ,1.001339934154484,1,1
3Vi5XqYrmQgOYBajMWSvCi,-0.9828698067257295,1,0
4dGMVfWmT03qsMzKGhUwDp,0.12812366389108423,1,1
1A2PVHd6kWaMlaJVkMfXmz,-0.8967780617701832,1,0
2D0dj3hVkRQJCp63cxCPEx,2.063138121939557,1,1
7pBsquIkbED6W6uSQJGbkn,-0.3638291644263243,1,0
5WBnKCEsPwsvWHUZmLjS3s,-0.15884881929407063,1,0
6hnFTbHHF5siJVrSrl7D8G,-0.585207937169158,1,0
5BpaEYjWflsH4rZrpaL75L,-0.9828698067257295,1,0
59z0L6S0GDNCiliSk3yiX0,-1.4481751901759448,1,0
7MXVkk9YMctZqd1Srtv4MB,0.21421540884663054,1,1
7KNoh3Bn4QfgkIGBywkAB0,-1.6617647098037531,0,0
4XQCxOjh4iFofXqTFStUKx,-1.778193545838873,0,0
6ndmKwWqMozN2tcZqzCX4K,1.8294605284887877,1,1
71rw9MB77BR8LHMFZK8gKV,0.33310400902333764,1,1
4KFaOhrA3m4DuRlH2UmuV7,1.9196518803469793,1,1
3XgGQ1wjo5khvq2UImjyNF,-0.8762800272569577,1,0
3JRCle6ESV3KCRNaD7ajDu,-0.6917977166379297,0,0
4tERsdVCLtLtrGdFBf9DGC,-0.4581201231871607,1,0
7qFtcljd0PZ5kJZos70YjT,-0.2080441021258115,1,0
0k0zcBRE3StKssNhEF86rW,1.7679664249491118,1,1
1nhlcMuUhvvVY80i75ZI5k,0.46429142990797995,1,1
4eVE7ruYH5dNGYKT2jd5So,-0.49091697840832127,0,0
3YhAZVvU1yeGo1l6aLK0V6,0.6200764922084923,1,1
2RmsU8ooQ6dUmtPmAOzKOB,0.017434277519667266,1,1
0Aj8EagrPfDoOe5OlUdrLC,1.7187711421173708,1,1
5FO6XMAJvNnV414CxIMXub,-1.1550532966368223,0,0
0l7p0r4CQuMY6y0T6OWGau,-0.2531397780549073,1,0
24vJOrZWFL6wCr6AyqFeHc,-1.642496557361321,0,0
4I0tFcRHjW3AkN1Jg1veOM,-1.0894595861945011,1,0
7sxiJ4a8uROYMvhkgGbQcK,-0.8106863168146368,0,0
1UgbVlgAFRwVBeHj7rWFQt,-0.02356179150678346,1,1
4f3NHOxgC8Bg21IJBg4cZ3,1.3334080932687344,1,1
64sp7I8wf70B7OLOpih6XJ,-0.6344032200008987,1,0
2xxCF1zsq3irWmLvBCaTAw,-0.9008776686728283,0,0
4wONXG4GqWSscEyZlx300W,0.22241462265192066,1,1
03kInDEY3Go2ysuIQKdxMv,0.13632287769637438,1,1
56HqGpdRvuUReItFcDDXeK,-1.5408263061757235,0,0
74mDMQPfxnkxsjTg8YBaRG,-0.9869694136283746,0,0
4hq0S6wznq7SHDyMOFXL9i,1.3785037691978304,1,1
0d54B7VI12WOMK8AoIWllf,0.3085063676074672,1,1
5Cyy8UMG6ch51oXYenPGzN,-0.46221973008980577,1,0
0mpLgvlW0tztoBGKzfLRNr,0.829156444243391,1,1
4LtSTc3xANVhYeeN69nscM,-0.06455786053323419,0,1
5XemvyG79fcKPl5lgbhplq,2.1697279014083284,1,1
5RgBnDtHKFHgtVdqabjGE3,1.304710844950219,1,1
2mUzPLPUkEjClJ9Rb6H2rD,-0.5073154060189016,0,0
7FjKU2mfpEpvKIbx8naZRk,-0.7040965373458649,0,0
4wz3erdRDbjMfSUAtglvTj,0.6733713819428783,1,1
4ka1FkKAMde6dQAFFMXKac,0.17731894672282486,1,1
3GcwKoKWIxwq05JIH90onL,-1.6150291911135992,1,0
052z2UsE2wPrHsBJ9tly0g,-1.2985395382293998,0,0
42lr5I32FRjGgjfO1w9PGK,-1.5018800406005952,1,0
25P5JrnOw4uhLdDdzjpuBg,-0.4704189438950959,1,0
3tayEO7e0Cv953xKHC1WvP,-0.29003624017871293,1,0
3ng7epefERNazaZkkbwLdq,-0.21214370902845658,1,0
5I4VsjWxOqN1nWfUpFZFM3,0.8496544787566164,1,1
75bpVVgp0HCT9Ad6uIFGvH,0.09122720176727857,1,1
0SxU0i9ppQlN2hl9wShMfj,0.45199260920004475,1,1
22r5S6iwB1Le5qpIFMSm48,0.353602043536563,1,1
6TbkMxKZudkP6Sty7rkLU9,-0.7696902477881861,1,0
1Fwj0wThn3kTg8D7KgWdsU,-1.4817919667776345,0,0
7CcoUAtUcYhUfBsmtn0ajO,0.7553635199957797,0,1
0SzDVyiiUDpuhzrphnoejr,1.9073530596390442,1,1
0DqFXzLtKkj9JO421NJpl1,-1.537956581343872,0,0
2Hs659VSIWrtetYzclXVP6,1.5834841143300835,1,1
7i1DkDc2j0yVsSt3jjDvk3,-1.3190375727426253,1,0
2dLLR6qlu5UJ5gk0dKz0h3,-0.3966260196474846,1,0
5h8jp1tzNDBhETtY4l1pjI,-0.03586061221471868,1,1
5iyZwawawLjHYpX4MxUKVF,1.2719139897290583,1,1
4HQwS0eDQ57zOER0fp7DoD,-1.0484635171680508,0,0
5ufI5Y3qHuOkt9xXQrXktF,-0.3638291644263243,1,0
0tjfognbowyFM3RHTdxjPK,-0.28183702637342284,0,0
4skbQNtyjy8A7mo8oqe2oD,1.5793845074274384,1,1
7mUuarQfB0E0Xs80Vzd2gw,0.9111485822962925,1,1
70fplFXL4KuVzC0K9UkzK3,-0.08915550194910463,1,1
66aJuGQgXMVoyklTKdEgmL,-0.4417216955765804,1,0
18lR4BzEs7e3qzc0KVkTpU,-0.6016063647797383,1,0
5ufI5Y3qHuOkt9xXQrXktF,-0.3638291644263243,1,0
1uNpb3Bx0jpKdnJYwjoRJS,-1.5231979964943498,1,0
2Oycxb8QbPkpHTo8ZrmG0B,0.661072561234943,1,1
09rBX6mQFN1GFJgfqUQak5,1.1653242102602865,1,1
2OR29bTCjzyPuPuHiB0fJC,-1.1796509380526927,1,0
75ZvA4QfFiZvzhj2xkaWAh,-0.585207937169158,1,0
3PDKHr2jiGfEcoxOrZK6j2,0.546283567960881,1,1
7uUahoeqGNRMbpdeiLj1rS,-1.5174585468306467,0,0
0pM1oWq2iw8W0AY6ORdC0x,-0.9090768824781184,1,0
6NhwQKQbh3na3Drn5MVAPK,1.7433687835332412,1,1
1BqhfAEw4jigpJl0O23jnS,-0.031761005312073605,1,1
5yY9lUy8nbvjM1Uyo1Uqoc,0.30440676070482214,1,1
4Lt6GXGzYsa1tgkv3nGSTm,1.7679664249491118,1,1
3j7jqLb7VJeWm2AL7kPeTb,-0.5975067578770932,1,0
5FnWOYFpBAH4dJplxWDNHO,-0.22034292283374673,1,0
5BLRlpMYsxeMMOjrcWRhIs,-0.10965353646232999,1,1
0lx4lIIJFuml4T70332ZPC,1.9114526665416893,1,1
5F1ZmucV0uJY14y2dYKePa,-0.41712405416070997,1,0
6Hxw4iKjZOyPIHXgbOwVZq,0.04613152583818277,1,1
3fo3jqinCouHb6WUmH7gct,0.882451333977777,1,1
77OWuDUCJMhizuSjOXDJbl,0.3413032228286278,1,1
4r0kug4vaNx3d8qyDLhQes,0.16911973291753474,1,1
4C72qVzAjAJvkDRr3zWRbG,1.2145194930920273,1,1
500mvzh7TRZ0YdnVeHhj8b,1.304710844950219,1,1
79npfYK6N5RnBc1jiaoHCr,-1.5457458344588977,0,0
4k3zX4m9PgX1WVB77At6DD,-0.28183702637342284,1,0
2oC9Ah7npALCCPW5DC1gob,-1.446535347414887,0,0
0lYBSQXN6rCTvUZvg9S0lU,-1.1099576207077266,1,0
0vMpw8pTVb7egqdVaKwy6U,-0.15064960548878048,0,0
6Fv0O8eHNcWO1DmF0EMrRc,0.9234474030042277,1,1
36fC4xtAucJ7KH6sdSDDo7,0.8455548718539713,1,1
43OtdiC7SZXk5MTDkvQwJv,0.25931108477572634,1,1
0LcNMuOiULmxJK3bdHTfDF,0.3986977194656588,1,1
7jEyX4bqaCSdMN4D4JNnVj,0.5421839610582359,1,1
1Qi6CGoqTG1UvFcuRzKRNL,-0.20394449522316643,1,0
48bSfSZaq9Aizbu4AWn4st,-0.6999969304432198,1,0
4WzhjxvLP95y7AMDy0Atwb,-1.2165474001764984,0,0
2XvtKqNuL8vCkekyzmb8OJ,0.9849415065439038,1,1
0DYRjWiFJHvLjxRrywtltC,-0.4253232679660001,1,0
6MtI49ggHHumUTONlvMQlq,-0.44992090938187057,1,0
2OvatSTHbdCybDA0o93mPo,-0.9090768824781184,1,0
53kWAAfx7IopXRa31MQHB8,1.3457069139766697,1,1
4DWmoi9kCghW93QNnefhDJ,0.8045588028275206,1,1
7t0OaHwReZjPuEBImsRwvX,0.7430646992878445,1,1
2gam98EZKrF9XuOkU13ApN,1.780265245657047,1,1
3CdYdWhfe2yCB6gU3neEk6,0.04613152583818277,1,1
1Dd2TFOUfL1tYMw53a8VJK,-1.5543550089544522,1,0
6IilOt8IAEuoy8yMpUVrzG,-1.5014700799103309,1,0
1tbfwWXvGQor2wu49pxUqz,-0.09735471575439476,1,1
72PFP54TZ9Tpj9dYQcb46D,1.7556676042411765,1,1
1gZFRYcPz3wKevEaNYRwfW,-0.7245945718590903,1,0
3EfXB0To1zCbgDgPkSt9pR,-1.5293474068483175,1,0
1QNt0bhIXWu5XdlXlYI4iI,-0.24494056424961716,0,0
1QOnVBRGEtt3JaM7ZnLBxb,-1.2616430761055943,0,0
6hDBkm6B8HF9B4oATW28YN,1.4276990520295711,1,1
5jE48hhRu8E6zBDPRSkEq7,2.161528687603038,1,1
19aBGyxQrl8LDnPUyusjRa,-1.2903403244241098,0,0
4usJd0yjr5igV4cIOHm1Rx,-0.654901254514124,1,0
4A9g0WVvFYjJftYWWXXxP7,-1.1017584069024364,1,0
4uXShFWajd1PTQzlW3P4jj,0.12402405698843916,0,1
0LYSwFvIyMLMlryI1g2qx1,-0.36792877132896934,1,0
7cflqPPi3zWfLFRRBTWeh6,0.9193477961015826,1,1
5ajjAnNRh8bxFvaVHzpPjh,-0.70819614424851,0,0
4ylWMuGbMXNDgDd8lErEle,-0.13835078478084528,0,0
6tMdpUXfT70TD6Eh3XfB1p,0.6733713819428783,1,1
7fClofbhUwL4zyirAk4x3K,2.0344408736210413,1,1
3pWVAht9tU5Oz7GXjY0nac,-0.2572393849575524,1,0
4qRaZYiaOsSvWC7VgcxrI0,1.1530253895523512,1,1
2YUjJiHEhbb7eO9OWHdarW,0.32900440212069254,1,1
4LUJzSLpBtgH3dpOH7J7Nf,-1.1222564414156617,0,0
4j6SWr1NBf2RvyF4hbToPd,-0.654901254514124,1,0
0G5N8E8nEQXtlnxi2Xfrj3,-0.8475827789384422,1,0
4EZytiJfGIKolH85Nc6G8Q,-1.6170789945649218,0,0
7z5xueAygjpMdd7hT8zAY3,1.1694238171629316,1,1
0P3sSG4qAHjXneOnltU4FB,0.115824843183149,1,1
4HwDCXsMBC7SUdp2WT4MZP,-0.585207937169158,1,0
2NOphQpnm9lopW82hdYt1U,-0.3966260196474846,1,0
1gHliV4RwsD5t4YjRdjaK4,0.09122720176727857,1,1
3aHHQ2pQrVCThJCEowJMuP,-1.1796509380526927,0,0
2Q3uUxPpTKY4MjY5SRFSHK,-0.3023350608866482,0,0
6iLbgkOew6ZJ6BBSXtUYEJ,-0.6139051854876735,1,0
24hYr62Cz2iA3OOef8mykI,0.6405745267217177,1,1
4CtO2AMo76k5yAeD44EUPY,0.6118772784032022,1,1
3z06k8YF9CqX0CGFrlekOK,0.8988497615883572,1,1
78nvT4euebtCsEigaNt4aa,-1.1796509380526927,0,0
0DYRjWiFJHvLjxRrywtltC,-0.4253232679660001,1,0
6cUaCs1lKfDOyFKMkBF8ch,2.161528687603038,1,1
7ATSQzPQQQNiuCycVnOrTi,-1.4522747970785899,0,0
1B10XgaxSXRLAFq967oMpF,-0.8516823858410874,0,0
6hYvw3LLTViP2mT4MpDNmT,0.013334670617022194,0,1
3qI94hINNNeb4S7xQi18lS,1.8089624939755624,1,1
0b18g3G5spr4ZCkz7Y6Q0Q,0.9193477961015826,1,1
6kq7CvFFZusechOUuuMftM,-0.6221043992929636,1,0
2v4trjSm7PdPn2IWWuuqJF,0.22241462265192066,0,1
7bEKga8eFygrhFWB5KTl3A,0.5298851403503007,1,1
07FkzikE6FuHIa8Ma7zJGc,-1.0443639102654056,1,0
4LyIHEDbAWDeKV0JbVZae9,-0.5155146198241918,0,0
7CaCltSC1kWO2ft4ZvTHVT,-0.765590640885541,1,0
7jCSncvK7rzgYQehMosoM3,-0.12195235717026498,1,1
1ugQtcwmKOXvKAYzhjncmv,-0.37202837823161417,1,0
6Uj1ctrBOjOas8xZXGqKk4,1.8335601353914328,1,1
3HVi9Xlt4e0TRGeLmLb3Nc,-1.056662730973341,1,0
6nctEN4lXyz9KV7ujHaAKb,-0.41712405416070997,0,0
7JIIY2oDPFkURYMCLJuzhe,-0.0932551088517497,0,1
34wsgkPMRk3xIfHdwtezbf,1.08743167911003,1,1
2PqSOrlabozEH6KXs7BvQr,-1.2165474001764984,1,0
2dm13KtTfScU9ObCzYzGyS,-0.24494056424961716,0,0
6XFn2NOvDtCXFVKpzEeefd,0.3700004711471433,1,1
4Kaq5ru7CS1Ci6282M3z3R,-1.1017584069024364,1,0
57ECZeJDxi0K9x4nWF75tK,1.0464356100835794,1,1
6riCsiX9csuomBYnenrtGd,0.997240327251839,1,1
6USdi8uX5GNAPYziFhisHb,-0.8393835651331522,1,0
7FGIEAVXfegxngH9Jg6VwA,0.5380843541555909,1,1
2xxCF1zsq3irWmLvBCaTAw,-0.9008776686728283,0,0
6EKywtYHtZLAvxyEcqrbE7,-1.237045434689724,0,0
0l1i3nJ4aDMk0inxnvzYTz,0.7553635199957797,1,1
43iMSSpAQ9fYvKdvjf3ca2,-0.13015157097555513,1,0
6YXG34IWbilypPwjBTOrUC,-0.031761005312073605,1,1
5jvuDwxowrtKO9CoOdOenf,1.3867029830031203,1,1
6nqdgUTiWt4JbABDurkxMI,-1.593711235219845,1,0
3Ed87VZLLlBwhTgr1OsnfP,0.5995784576952669,0,1
0tF8r6RM9deAIDTKnFrcYB,1.780265245657047,0,1
3BQbwXb8lMLLRBeLl6HTu8,-0.18754606761258613,1,0
0DoSZp7ZQetqYfslkmMRsi,-0.17524724690465093,1,0
6dOeEgn2okElPFceuvQ1QI,0.3863988987577236,1,1
4vsAUbPb6q9FpC4AGBFdVh,-1.1960493656632731,0,0
0sHW1jXe6Sou3437gJQNGA,0.28390872619159674,1,1
4jYJV3rxH5XiVfwH8pdbDM,-0.31053427469193834,0,0
4azx3EytcCmacJ5pD5yUal,0.48478946442120535,1,1
6VP3410weACXiPCVLKSkOb,0.029733098227602485,1,1
7cLhZY2sXnlL0Rd06p8MRW,-0.179346853807296,1,0
3IkWmgGsXbsafrunwPojXO,-1.436286330158274,1,0
6pUgQa7qFgVp3i6ddpWWo0,-0.15884881929407063,0,0
1tkg4EHVoqnhR6iFEXb60y,0.44789300229739964,1,1
23L5CiUhw2jV1OIMwthR3S,-1.0894595861945011,1,0
3QxCvkqWdkMqy3CPxOhZ24,-1.294439931326755,0,0
3Z71twl5Fz2W1bT4mwnor7,-1.6207686407773023,0,0
4Agtk2MrapdZAVN7v6PuFO,0.2306138364572108,0,1
4XNrMwGx1SqP01sqkGTDmo,0.7348654854825543,1,1
6Zp9pormGrMRqgFZ9XowHz,0.31670558141275734,1,1
7BqBn9nzAq8spo5e7cZ0dJ,-0.03996021911736375,1,1
3TdQ399gmy71IUdz3DoaO4,-1.1755513311500478,0,0
4Hvm9R3JYXBF8fcdi2F3oA,-1.1837505449553378,1,0
7865MYTYATLVWUUApjAzSW,-1.1591529035394674,1,0
5kd2XzhUqG0IoFbUIbrVoa,0.017434277519667266,1,1
3eOyNxCZO4q8UXexph1j8X,-1.4034894749371138,1,0
7rWgGyRK7RAqAAXy4bLft9,2.1738275083109735,1,1
0b2RfRvQP6tARsOxjEEkqu,-1.4961405909368923,1,0
0xJLcjd0gaZct43xG1UlXS,-1.6211786014675669,0,0
3tjfbu0G0PPy8UjhxfxVIe,0.33310400902333764,1,1
3Wg3B7XlnEWsKBSb2IzGQ3,-0.8557819927437325,0,0
7lozLnUfzcgEpMMVQI7yhA,0.43559418158946445,1,1
0catSwmBUqYubDO4JKVnmj,-0.26133899186019743,0,0
4b0sH9luHuUj0gLYLKheHQ,1.5178904038877628,1,1
1almCHdsfikRPfVB9VrEdT,-0.26133899186019743,1,0
0gRGB5zwCHqNmk9kQ2pO7q,1.3785037691978304,1,1
3660jVthm40vdeB5YBSwdD,-1.068961551681276,0,0
12OLyHDxt6dqlAybSPFBK3,-0.2859366332760679,1,0
5EWPGh7jbTNO2wakv8LjUI,-0.39252641274483957,0,0
3tqo6JRpy7V6LNVcGDdo0Z,-0.531913047434772,0,0
0HPBMWDuBuWMB1PzTmEgWO,-0.6958973235405747,1,0
5GU6QMKu3YeUwb4nqfGz9m,-1.5559948517155102,0,0
5UyIXwFO6EFJoj586MVKOZ,0.49708828512914055,1,1
50le2HSqQAIqB4BGD4cE9e,-1.1099576207077266,1,0
39DfslxGf8Hh0ljKN8h0Ng,2.005743625302526,1,1
0ROCe58wXm7sBUPkZaRrnY,-0.4704189438950959,1,0
1o5WgxPWvoVgo20DQItKOE,-0.7614910339828959,1,0
7AEcphXUR52QGYxdZ8TDVI,-1.6154391518038638,0,0
7cPojUq1xFAIcksvhFp4DV,1.2924120242422836,1,1
4jPy3l0RUwlUI9T5XHBW2m,1.2227187068973175,1,1
7x3SAQDjvfr7is2O4xZZ4u,0.04613152583818277,1,1
70fplFXL4KuVzC0K9UkzK3,-0.08915550194910463,1,1
3s4U7OHV7gnj42VV72eSZ6,0.4724906437132701,1,1
6rz0dTA0PdhXImFV5EjM0w,-1.1591529035394674,1,0
3LEgGAl9zLcQWGTp7ptqtQ,-0.031761005312073605,1,1
3f26GAn3yOXfoclLyN8AdD,1.3293084863660893,1,1
0PPVVypRF0Smem9P35NsCo,-0.07275707433852434,1,1
2wYJ7AszuzxSdb0yOjirKQ,-0.08915550194910463,1,1
6g6hQOcDSt9IR2wAMCxr2M,-0.70819614424851,0,0
2YpeDb67231RjR0MgVLzsG,0.8414552649513262,1,1
67D8ngcxE1eHpD9AZxJfth,0.6774709888455233,1,1
3yuIvz5stb9v9cljhZ5Zas,-1.0156666619468901,0,0
6AtZLIzUINvExIUy4QhdjP,1.366204948489895,1,1
6oF66hFngUSqA9lHimenPp,-0.4253232679660001,1,0
2pyjbGTpJCPjMYwCbdymiF,-0.06455786053323419,1,1
110PnrQX9AJIt3HNJtjPgt,1.366204948489895,1,1
0cXHtvBNB879i7ZoBIv87L,-1.4161982563353135,0,0
4xqrdfXkTW4T0RauPLv3WA,-0.6712996821247043,0,0
7vyJb3zIstjQuMuh636UuR,-0.831184351327862,1,0
5hZZpyKrq8WB2jVlCv7GJU,-0.17524724690465093,0,0
3x7omcgMTFQWLh69QhTJKc,0.6364749198190726,1,1
24hYr62Cz2iA3OOef8mykI,0.6405745267217177,1,1
6eRtG82wwHCPa54mzW2fXz,-1.6260981297507409,1,0
54LFnRxLlnwV7R04CMZwjD,0.49708828512914055,1,1
5UHvVfewZKxwoB6gdhSFtr,1.3006112380475738,1,1
15St0qWPnH4xKflV39vk28,-0.2572393849575524,1,0
6RUKPb4LETWmmr3iAEQktW,0.05023113274082785,1,1
6KfoDhO4XUWSbnyKjNp9c4,0.24291265716514604,1,1
6V81K1OcvYgHEnCA6A2Qx9,1.8704565975152385,1,1
6AxBhyZDlChhX1lNDGCf0P,-0.5360126543374171,1,0
5t8BsfzrBJGJhyX3ndE8pU,1.9770463769840105,1,1
3EuiMoY8lTjAvIqNf8Uyr3,0.4601918230053349,0,1
6lV2MSQmRIkycDScNtrBXO,-0.23264174354168193,1,0
1u7eroNSrlyVukG9dNOEEB,-0.9090768824781184,1,0
6uB4JeqeiGxYn1pswrC7rX,-0.884479241062248,1,0
5Iy1wdO0tMaHwKnfFYtlel,-1.0976587999997913,0,0
0DsIoA5io9H9ViOl2YNLcR,1.08743167911003,1,1
524dq3zKwXrP4uPL6VwoWT,-0.5237138336294819,0,0
1AV3CeF7kWJdqKKbhkpOG7,-1.6064200166180447,0,0
09pBww2I1sjGcHac0KvC2M,-1.068961551681276,1,0
2sHwSBNDZN2yjCtgwStYt1,0.0871275948646335,1,1
11hrCkrVXAAtQUXyDN0U04,0.02563349132495741,1,1
6J0xeqjdpsUH0W1YBCmD1L,-1.2780415037161745,1,0
19340ABswLpqyiS8hb141e,1.2104198861893822,1,1
6EacvbVb0gtilZYNMcF8dM,1.8540581699046583,1,1
2PRKaIkl62537yLUt8VhHR,1.0382363962782897,1,1
3oIhthYPSKwAwJLA8JClkV,0.11172523628050393,1,1
4b19j4WDmANhhgrXuKHgTV,-1.620358680087038,0,0
2AUjKM1arIIpFNryrOwjXd,-0.12605196407291006,0,0
4DS2UXeR2V5W7R9aype6t1,0.9890411134465488,1,1
0O6u0VJ46W86TxN9wgyqDj,0.1568209122095995,1,1
6mNMp0g3zkg1K7uBpn07zl,-1.2001489725659182,1,0
6Hxw4iKjZOyPIHXgbOwVZq,0.04613152583818277,1,1
5qG9QaBjgCT4W3eQnx5xFR,1.7597672111438216,1,1
21fjm7mKws0rE7Z7gqi5fd,-1.6240483262994183,0,0
46MmaCvze8GcEcwU1fTfWe,-0.8229851375225719,1,0
4SymlUG2OhBgiQWcDZ0OQy,1.8827554182231738,1,1
4hjbxjZpJ8H6qRCzDOGI0M,-1.1591529035394674,0,0
6MIauM5bElyY932JOMfi9W,-0.21624331593110166,1,0
6iaQi9uPzHoXLMo5g490Bj,0.5175863196423659,1,1
7diY4bRXZ7ca6BEGNlz3xL,1.3129100587555091,1,1
5SqT9kgeh2qWdLPNr29qaG,-1.615849112494128,0,0
6LIzRhFWBsZPg9sORfFs1d,1.6326793971618243,1,1
79h5Z7NvxRVTdNkP1eoc2v,0.34950243663391795,1,1
1wqfYcITygmG1bnmuIFnsZ,-0.8803796341596029,1,0
33KJ2xFYONOlIYDBg6wPx8,1.837659742294078,1,1
2alj8PV2Gox1ZbKSIHxLO5,-1.302639145132045,0,0
1AmsqMwCRHj7BCtsZr7ZeY,0.2798091192889517,1,1
3dMPLD8cuzTtFLv8E7homA,-0.6590008614167691,1,0
1Xi84slp6FryDSCbzq4UCD,-0.6876981097352846,0,0
6zSXcvXQ8T74fXm72OpSOb,0.44789300229739964,1,1
5WncH5iZ5GFlnXm7jKEXVP,0.1609205191122446,1,1
0gx7MU31U0qNuG9poUqfa2,-0.179346853807296,1,0
0H0CIU7nnkttV6vcZRX5AV,1.6162809695512441,1,1
7oHijHxh7cI40fNC4S619V,-0.9336745238939888,1,0
435zzQGa0j1LOBGfUt4ZOZ,0.41919575397888414,0,1
7txwhthkLlokKYKdYpGSuW,-0.06455786053323419,1,1
4WwOjWieFNqzbJvVeMjkdy,-1.6191287980162443,0,0
1KU1h4FO5hvSMMWWYJZm22,-1.294439931326755,1,0
63qXBwPTvCGaghzboI8b87,-1.0607623378759858,1,0
0QcUTtF2OwHjiptNyuKPmZ,-1.364133248671721,1,0
2m6Ko3CY1qXNNja8AlugNc,-0.39252641274483957,1,0
7mHS2rAwnUCc4OLyB3dwLr,0.4888890713238504,1,1
2IM8UcsHElXjQkkhlOuODo,-0.3966260196474846,1,0
7jdHemolm8HmaireObpqXt,-0.46221973008980577,1,0
4ghxG39Um1SQ8OHdDgUH1p,-0.5524110819479974,1,0
1cTu1MiLR4rOyzIzZd6GYP,-0.8147859237172818,0,0
7wW9scVNLYFLsmBb1yAUmS,0.40689693327094895,1,1
4gKbbdIndayfyc1CLzs2J6,-0.9582721653098591,1,0
7xg41ENLdW3nyy2p5C28ZW,1.3785037691978304,1,1
1YV1mdDQny0j3q1x7GZ6H6,-1.1058580138050815,1,0
0OehfujG8725Lfr00Nn7ZN,-0.20394449522316643,1,0
3nqQXoyQOWXiESFLlDF1hG,-0.8024871030093466,1,0
2jUJKzWzEBKFYP3YESRvhw,-0.7983874961067016,1,0
4tMwHkxBwnGkts9mxFpwQy,1.1038301067206104,1,1
4y90oxZPFxJgDSqnOmmEqY,-0.37612798513425927,1,0
4iRat7YqKIWOwkXwDwoEZc,-0.22854213663903686,1,0
4033bOwovL5l4CLXYM6kZL,0.8496544787566164,1,1
6gFtgkh8ShkrJn52Cbdhxy,1.001339934154484,1,1
0Uv5Kp8sEnriJjkX4oLfNI,0.521685926545011,1,1
0G21yYKMZoHa30cYVi1iA8,-0.4827177646030312,0,0
3ehrCQoouv7NW8LRgcMvRF,-0.9787701998230844,1,0
5hqCTHwJwHMO35tbqHObFZ,-0.347430736815744,1,0
66ZcOcouenzZEnzTJvoFmH,1.2145194930920273,1,1
0muXl7VdnqjsMH3IDS2JFI,-1.5449259130783686,0,0
15kFp3rOPgHSogMHLon1bC,-0.03996021911736375,1,1
7neXef29cogkuASB5rTafo,0.5667816024741064,1,1
0NDx2QYoEdgH9HTn5yfXeA,-0.531913047434772,1,0
5axz8UbmqJO9Yr0w8eMKUe,-1.5875618248658774,0,0
0h6X7BCq7IYKHNoXln3LX3,-1.056662730973341,0,0
5hqCTHwJwHMO35tbqHObFZ,-0.347430736815744,1,0
2QfiRTz5Yc8DdShCxG1tB2,2.194325542824199,1,1
3aNugT13qqQoUKwfJKmcrk,-1.2042485794685633,0,0
3FUZpoj9VV0sgc8RqbS3xQ,-0.8803796341596029,1,0
5zYqSr9RtfujCy72aCGYEC,0.7348654854825543,1,1
2eBuez59MU3mSXwamfYueg,-0.8188855306199267,1,0
5qCpcgqwL1Hum85sAQz3W7,-0.179346853807296,1,0
28Jp7gcgysBhWZJ9mnXEYd,0.5011878920317856,0,1
41Vl2OoM83VVe0eePpsgUf,1.136626961941771,1,1
1sWb35nydLCjD71JGURDEv,-0.1342511778782002,1,0
4228YpK0ZZuY4CZzBDVi3q,0.21421540884663054,1,1
3oID0W8xzgfMWD5KFop4xA,0.4314945746868194,1,1
1LV5G400jD3Ytvyv6Dlkym,-0.40482523345277477,1,0
6aw4F3Z8ckzL7WOiJAz2aO,-0.6180047923903186,1,0
2exeLldmRfwD9P0gSBYB9T,-0.6426024338061888,1,0
13AvBkyFz0QgNV54M8rSM3,1.1243281412338357,1,1
5E4Np2kVQM24Wsrr3KbMik,0.042031918935537704,1,1
3JvKfv6T31zO0ini8iNItO,-1.2411450415923688,0,0
6mXdCcFnPKQznj4CmMRmHC,-0.4294228748686452,1,0
6TaCOF1MWsbYpOttWRof03,0.21421540884663054,0,1
2L9VAxwHwtHcNQyZPzmOpZ,-0.5032157991162565,1,0
77OWuDUCJMhizuSjOXDJbl,0.3413032228286278,1,1
6Kfoo60npYPdvNxMPMiDpX,0.4314945746868194,1,1
2ByjQyy3BYUdP4Dz84mlHg,0.2183150157492756,1,1
6htUZ2aZGaZDbQ0LHjZwUI,-1.0279654826548255,1,0
3QGppKBPd9gHOgHJzRbVIw,-0.2982354539840031,1,0
1yr9HpAu3prvxmq783ZELn,0.8578536925619065,1,1
7m9OqQk4RVRkw9JJdeAw96,0.013334670617022194,1,1
15Br2J1kEKCNXCuDtxtfFf,-0.9049772755754733,1,0
1f7cJyMQrBF3V64TPnbfsI,-0.7450926063723156,0,0
7hU38LHqMSPFrvoqADFJp4,0.16502012601488966,1,1
7l5B1ilLEOxqp9V2LZyKIg,-1.2616430761055943,1,0
7uNnlVit5qDvfOje0pqICF,-1.0935591930971462,0,0
0e8nrvls4Qqv5Rfa2UhqmO,0.4601918230053349,1,1
7m9OqQk4RVRkw9JJdeAw96,0.013334670617022194,1,1
0ZQOUHBdT8dk0ezGo6vW2G,-0.06455786053323419,1,1
1MTQHCpraD4S8g5PAFKzoj,-1.4084090032202878,1,0
0lks2Kt9veMOFEAPN0fsqN,0.13632287769637438,0,1
1hFGZERmXnX32CFpeE0UAv,0.43559418158946445,1,1
50DMJJpAeQv4fIpxZvQz2e,1.4727947279586668,1,1
6C3uCSq3u8qrAdjzlDYl1N,-1.524427878565143,1,0
0lsRatBUs9HNIZAmoGABzk,0.42329536088152925,1,1
6wGOOMMVgaT9LEi2y9jeq1,0.34950243663391795,1,1
48mJX8glOrQkrSdVBjc0Wb,-0.4704189438950959,1,0
4YwIOEhqg57IX2QasbetBi,-0.7204949649564452,1,0
3MnAsEBBsEj86d03RgO4EM,0.9070489753936474,1,1
3dD9yyYTQ73SZvyOygyKva,1.0341367893756446,1,1
6EuShpUEL7vWI8NXY1IiZO,-1.5330370530606978,1,0
5BN59BDczcpxstFKILIH0q,-0.8598815996463774,0,0
18YHbIhrleUkKKj2DvEp79,1.0669336445968047,0,1
5o5w6VHcA2LMrwQ15ish3V,-0.056358646727944044,1,1
2QC6Z1XalpTXmIOif8Wl9u,1.0915312860126751,1,1
1j3SmM9Z34uaIbiMr0yWOQ,-0.38842680584219447,1,0
4nZhS4vsnO50wnSyMJraBj,0.5421839610582359,1,1
1BPBwKueIEMnUcbbs2te7B,1.5957829350380186,1,1
66TRwr5uJwPt15mfFkzhbi,1.5137907969851176,1,1
2FkbeqpCrjjDdVH1SZgDo6,-1.3682328555743661,0,0
7ouW02587AzIaGnK0gh8St,-1.2329458277870788,0,0
0qOnSQQF0yzuPWsXrQ9paz,1.4850935486666021,1,1
0M6urYKXizSJgtuipqmctu,-1.2903403244241098,0,0
0MC6LfBcq3EgLMThwvpZHj,-1.4494050722467384,1,0
0XwRlvv3KlOu4HWlOH34XG,1.3949021968084105,1,1
1NAyq9TrQIpLHWStUX4xAQ,0.7963595890222304,1,1
4jPr49jXRJHftXlwTEA2w4,-1.1099576207077266,1,0
0RXgomOT3S3OueZVGIg8QM,1.5178904038877628,1,1
5LCIH5Wv6FxoeoKtYv2Sgn,-1.3190375727426253,1,0
2SDswD3RdceDWthkgCrCCU,-0.4540205162845156,1,0
62PaY0S6h9UofRsMiesevo,1.9729467700813654,1,1
4qfoz6SI8KDdUtTTtmAzR5,-1.629377815272857,1,0
7MXVkk9YMctZqd1Srtv4MB,0.21421540884663054,1,1
6BSDpXlm2gtorEzoH4RNHw,-0.7409929994696705,1,0
6phWVUn5CCTCRBepIKnf6D,-1.1017584069024364,0,0
0cTkX0seXUBfZOrdxhecRh,0.06252995344876307,1,1
5wQnmLuC1W7ATsArWACrgW,-0.8106863168146368,0,0
46RSHHcMv3BhuXobfFfAAT,-1.4867114950608087,0,0
4fYE5vzby2D3jUBkxniMpr,2.210723970434779,1,1
7FBRbot28s840lOggjH9l6,0.5831800300846867,1,1
4A9g0WVvFYjJftYWWXXxP7,-1.1017584069024364,1,0
3P3pw6C19j31Rnzgo3JG7o,1.1079297136232555,1,1
3By9jCy6b4dv5XnlhvIWwx,-0.7942878892040565,0,0
1lcTe5gJ7MRlcLOv5BODr6,0.8127580166328107,1,1
023OVLNzXhX0j7CxswUt6D,0.656972954332298,1,1
4lpvCG7eNzHAXwvMxWUNjz,1.9196518803469793,1,1
5icOoE6VgqFKohjWWNp0Ac,-1.0361646964601154,1,0
5uidTQXrmYWTCwfJxPVW90,0.9275470099068728,1,1
46QOCEAtBHqUFchS5TSgo3,-1.6215885621578312,0,0
0756t20DVzM19dcF04qMjf,-0.08505589504645955,1,1
58QhkbaAkLFnn7JwAnAato,0.4150961470762391,1,1
3ZuODl7QqOQWVAOrLZJOsU,-0.0932551088517497,1,1
1mHuDqFVDEi5DLFJ0Pyz3d,0.2183150157492756,1,1
5T7ZFtCcOgkpjxcuaeZbw0,0.21421540884663054,1,1
1bqDQwBFPvykl6OiIHTVis,2.161528687603038,1,1
4XII12nbsvJblXfG1I2QR4,-0.6262040061956085,1,0
4TuGt2O2iqrisOsNQNrL0j,-1.4588341681228223,0,0
4tp0KROOhKDVjRfZrxVOgX,0.07892838105934336,1,1
01wchmKejl8Cv5yDYIygG2,-1.068961551681276,0,0
30PPEJ1pEhtVnrgVNK5MEw,0.6282757060137825,1,1
5EbidH3lGB30WuDsoR4km6,0.185518160528115,1,1
6I0KEvFfWszVJiCy5hum4V,-0.24494056424961716,1,0
143cmFq0tYYEyBBgebawtb,-1.6338873828657665,0,0
0W4Kpfp1w2xkY3PrV714B7,-0.3310323092051637,1,0
5mnpMkzp3Z2RCCbwIEZCbv,-0.39252641274483957,1,0
5v8lrqU6G94yVU6yudWXJs,-0.9705709860177943,1,0
5GU6QMKu3YeUwb4nqfGz9m,-1.5559948517155102,0,0
3nDjCWmn3FHTI9q8y2twLS,-0.08915550194910463,1,1
23rdcrD0Eky4vYn2TZidxJ,-1.2534438623003041,0,0
2LVj8uqmRIBQUsYjAzogTt,-0.835283958230507,1,0
0Eq4BMgsdV6DkLSJfX8eBt,1.0505352169862245,1,1
56574IP9078VNyIx0q46Hp,-0.7163953580538001,1,0
22lJaG2yxlSjIwdUIddcFk,0.8660529063671967,1,1
05OsKzq1tm0SY5Hk4lZQRE,-1.4916310233439827,0,0
5yVIlYEHZxQVLyInCdldoS,-0.5401122612400622,0,0
33DzKnwuBE6lfOiADwzd5E,0.34540282973127284,1,1
3L2XWJbcC02LtUqZrQmjdr,1.3785037691978304,1,1
3k2apDc7IgQL2dbUxQKkaQ,0.11172523628050393,1,1
5EnlIs1BhTUJ3bWca1RUlY,-0.17114764000200586,1,0
0QrUw86ZKRgNGGgrvC5yC5,0.4027973263683039,1,1
6s86N7LVaJZuU4alwKp6XO,-0.5606102957532876,1,0
2gA74HvN6NKFrhgzpd5oNE,0.07892838105934336,1,1
0snQrp1VaY5Pj1YIHRJpRJ,1.8540581699046583,1,1
2tcdLQcDX7J0ae9j80LmHT,-0.10555392955968491,1,1
025Vhjjp9208xPOBcU6pwQ,0.6692717750402332,1,1
7hxHWCCAIIxFLCzvDgnQHX,0.115824843183149,1,1
3AVrVz5rK8Hrqo9YGiVGN5,-1.064861944778631,0,0
50IJlcU371grV5aTy1BAQh,0.5175863196423659,1,1
5gGhu72GjMKwzGszk8Ded8,1.8663569906125934,1,1
6a7lyItfM0vEjKlNIMuvUJ,-0.26133899186019743,1,0
0zo4aX57COch7Wh3NRImTM,-0.5729091164612228,1,0
2XKsHHNCtKqk9cF35TRFyC,0.09122720176727857,1,1
4q3biaQQoADspV16lbsfPH,-0.527813440532127,1,0
04Glred2wGdSNH11Qh4EDe,-0.03586061221471868,1,1
5LALGxzq4bUqFb5PXKuSOr,-0.8598815996463774,1,0
46BHP7nFOrGQPLW8mCxzZr,0.22241462265192066,1,1
5otcrkKObKm5HvMbKEq2lO,0.46429142990797995,1,1
5EOMN3ygmmkqER59AGBY7U,1.308810451852864,1,1
2YpeDb67231RjR0MgVLzsG,0.8414552649513262,1,1
6D12YCcbjYJIDYU3kixJTE,0.49298867822649545,1,1
4UCiDcv0yO9tNLZbkZeBBA,0.6815705957481684,1,1
4j1fFJvUcQxMrLEMBHV9NQ,0.6364749198190726,1,1
3kSmaObYtsjFbusk0HBBuX,1.2924120242422836,1,1
1jtRC9Uzq8oSqN8rVGR4eZ,-0.6794988959299945,1,0
5P9317yVhHAtnriqWrcZtJ,-0.4417216955765804,1,0
3KkXRkHbMCARz0aVfEt68P,1.9647475562760752,1,1
6QXOeVS0RuwbMrI4ud2Lud,-0.70819614424851,0,0
39lClcoqNsvYNkX8EG1ibD,-0.8680808134516677,1,0
1Dwfszy0pjd663dffKTFLh,-0.27773741947077774,1,0
4pAjQMx0HQFUDHv9J9mtQw,0.07482877415669828,1,1
09mEdoA6zrmBPgTEN5qXmN,-1.0607623378759858,0,0
1ESPStItGrCxde6JdDcthp,-1.2739418968135294,1,0
3JvrhDOgAt6p7K8mDyZwRd,0.3126059745101123,0,1
6VKha9kbRxUWQSx7eH7Rxw,0.25931108477572634,1,1
6GQK4G5o60E8YA18DGpAzv,0.5134867127397208,0,1
7BrbGr8S8rjrnlGLqtfFwA,-0.5155146198241918,1,0
13EtMetztrji5zrka6Uzd3,0.03383270513024755,1,1
426AYnTtUOmX7Km14Ghvsd,1.9934448045945907,1,1
0ERGJlMka42o9R619MMava,-1.4809720453971054,1,0
2k5rWMAz9RvFS3k3kk3cc5,-0.8598815996463774,1,0
0756t20DVzM19dcF04qMjf,-0.08505589504645955,1,1
2GmPIJzviXYtkTKYYUlloB,-0.9705709860177943,1,0
3oHSL6pt9LpNrQZuQGu9wL,-1.6088797807596316,0,0
2PZsAka95UhR0uHFcI4xmI,0.9767422927386136,1,1
18ioFJkxW5B0hOXE0l2ddw,-1.1796509380526927,1,0
1M3DeTf5xVoEPNL8FF5vsi,-0.6631004683194142,0,0
4T6FWA703h6H7zk1FoSARw,1.7146715352147257,1,1
3pUeCDzHNM0yHN0FoPEadN,1.5424880453036331,1,1
32PhjU1DfXj2QkmvH5SleQ,-1.5609143799986844,0,0
7KYuvjh2Bhtx77yZSHYEMx,0.005135456811732048,1,1
1mAPPpvz8Y7FWlo6NoFS68,-0.3146338815945834,0,0
2Ylrq2Qhtj3bWr1QeTSvls,-0.4253232679660001,1,0
6mzF8HvHdVrzJNd8M1uFCS,-0.8803796341596029,0,0
0LeGeKymBOKaofgQOZXeSo,0.9316466168095178,1,1
50xYqUTVCvoqRLuyWFuG3r,1.8581577768073032,1,1
4KGq63QyNHWz44M5S6PWGo,0.04613152583818277,1,1
1K0AENxzuLi4M420wUlvPT,-0.7614910339828959,0,0
02TG4BXFsQpEBoiaRIqG4q,0.32900440212069254,1,1
0BB8adTPSIZedvDapPJ2Bs,-0.8106863168146368,0,0
1Dd2TFOUfL1tYMw53a8VJK,-1.5543550089544522,1,0
45bE4HXI0AwGZXfZtMp8JR,-1.4407958977511839,1,0
3Th56VIq2sEaEmPPETu7p5,-0.6016063647797383,1,0
38BtUFtq4oxdB0Sku1iInh,-0.5483114750453523,0,0
40iocOzytrqaRn5RbGPDNp,-0.15474921239142556,1,0
6J0xeqjdpsUH0W1YBCmD1L,-1.2780415037161745,1,0
3XgGQ1wjo5khvq2UImjyNF,-0.8762800272569577,1,0
5UZVXKI4RnciPJ9TJLnwMS,-1.4026695535565845,1,0
00fRUfon3pr861IKiG03kA,-1.364133248671721,0,0
4qku25v3J3edlu1vOxJPnu,-1.245244648495014,0,0
2qcbyAZxKglSsRaBhDE3PQ,-1.0484635171680508,1,0
2Y0wPrPQBrGhoLn14xRYCG,0.4150961470762391,1,1
